landmark_id,category,name
0,http://commons.wikimedia.org/wiki/Category:Isa_Khan_Niyazi's_tomb,Isa Khan Niyazi's tomb
1,"http://commons.wikimedia.org/wiki/Category:Little_Tokyo,_Los_Angeles","Little Tokyo, Los Angeles"
2,http://commons.wikimedia.org/wiki/Category:Moni_tis_Metamorphosis_tou_Sotiros_-_Megalo_Meteoro_(Meteora),Moni tis Metamorphosis tou Sotiros - Megalo Meteoro (Meteora)
3,http://commons.wikimedia.org/wiki/Category:California,California
4,http://commons.wikimedia.org/wiki/Category:Gardens_by_the_Bay,Gardens by the Bay
5,http://commons.wikimedia.org/wiki/Category:Frontenpark_(Maastricht),Frontenpark (Maastricht)
6,http://commons.wikimedia.org/wiki/Category:Ch%C3%A2teau_de_Chinon,Château de Chinon
7,http://commons.wikimedia.org/wiki/Category:Ch%C3%A2teau_de_Chenonceau,Château de Chenonceau
8,http://commons.wikimedia.org/wiki/Category:Sokolniki_Park,Sokolniki Park
9,http://commons.wikimedia.org/wiki/Category:Brick_Lane,Brick Lane
10,http://commons.wikimedia.org/wiki/Category:Burren,Burren
11,http://commons.wikimedia.org/wiki/Category:Sochi_Arboretum,Sochi Arboretum
12,http://commons.wikimedia.org/wiki/Category:Kivikko,Kivikko
13,http://commons.wikimedia.org/wiki/Category:Syretsky_arboretum,Syretsky arboretum
14,http://commons.wikimedia.org/wiki/Category:Kopaonik,Kopaonik
15,http://commons.wikimedia.org/wiki/Category:So%C4%8Da,Soča
16,http://commons.wikimedia.org/wiki/Category:Brighton_Pier,Brighton Pier
17,http://commons.wikimedia.org/wiki/Category:Parque_Estadual_da_Serra_do_Mar,Parque Estadual da Serra do Mar
18,http://commons.wikimedia.org/wiki/Category:Beverweerd,Beverweerd
19,http://commons.wikimedia.org/wiki/Category:Niagara_Falls,Niagara Falls
20,http://commons.wikimedia.org/wiki/Category:Tsukiji_fish_market,Tsukiji fish market
21,http://commons.wikimedia.org/wiki/Category:Brompton_Cemetery,Brompton Cemetery
22,http://commons.wikimedia.org/wiki/Category:Jasper_National_Park,Jasper National Park
23,http://commons.wikimedia.org/wiki/Category:Valle_de_la_Luna_(Chile),Valle de la Luna (Chile)
24,http://commons.wikimedia.org/wiki/Category:International_Museum_of_Ceramics_in_Faenza,International Museum of Ceramics in Faenza
25,http://commons.wikimedia.org/wiki/Category:River_Severn,River Severn
26,http://commons.wikimedia.org/wiki/Category:Torre_de_H%C3%A9rcules,Torre de Hércules
27,http://commons.wikimedia.org/wiki/Category:Quinta_da_Boa_Vista,Quinta da Boa Vista
28,http://commons.wikimedia.org/wiki/Category:Jamali_Kamali_mosque_and_tomb,Jamali Kamali mosque and tomb
29,"http://commons.wikimedia.org/wiki/Category:Trinitatisfriedhof,_Dresden","Trinitatisfriedhof, Dresden"
30,http://commons.wikimedia.org/wiki/Category:Muskau_Park,Muskau Park
31,http://commons.wikimedia.org/wiki/Category:Matterhorn,Matterhorn
32,http://commons.wikimedia.org/wiki/Category:Sint-Gertrudiskerk_(Bergen_op_Zoom),Sint-Gertrudiskerk (Bergen op Zoom)
33,http://commons.wikimedia.org/wiki/Category:Patan_Durbar_Square,Patan Durbar Square
34,http://commons.wikimedia.org/wiki/Category:Parc_Angrignon,Parc Angrignon
35,http://commons.wikimedia.org/wiki/Category:Teatro_Carlo_Felice_(Genoa),Teatro Carlo Felice (Genoa)
36,http://commons.wikimedia.org/wiki/Category:Wat_Saket,Wat Saket
37,"http://commons.wikimedia.org/wiki/Category:Royal_Botanical_Garden,_Madrid","Royal Botanical Garden, Madrid"
38,http://commons.wikimedia.org/wiki/Category:Castle_Heeswijk,Castle Heeswijk
39,http://commons.wikimedia.org/wiki/Category:Ellora_Caves,Ellora Caves
40,http://commons.wikimedia.org/wiki/Category:Moszna_Castle,Moszna Castle
41,http://commons.wikimedia.org/wiki/Category:Intrepid_Sea-Air-Space_Museum,Intrepid Sea-Air-Space Museum
42,http://commons.wikimedia.org/wiki/Category:Helsinki_Lutheran_Cathedral,Helsinki Lutheran Cathedral
43,http://commons.wikimedia.org/wiki/Category:Kardzhali_History_Museum,Kardzhali History Museum
44,http://commons.wikimedia.org/wiki/Category:Temple_of_Poseidon_at_Cape_Sounion,Temple of Poseidon at Cape Sounion
45,http://commons.wikimedia.org/wiki/Category:Valle_de_Ordesa,Valle de Ordesa
46,http://commons.wikimedia.org/wiki/Category:Wan_Chai,Wan Chai
47,http://commons.wikimedia.org/wiki/Category:Namib-Naukluft_National_Park,Namib-Naukluft National Park
48,http://commons.wikimedia.org/wiki/Category:Uluru,Uluru
49,http://commons.wikimedia.org/wiki/Category:Death_Valley_National_Park,Death Valley National Park
50,http://commons.wikimedia.org/wiki/Category:RHS_Wisley,RHS Wisley
51,http://commons.wikimedia.org/wiki/Category:Wawel,Wawel
52,http://commons.wikimedia.org/wiki/Category:Pangong_Tso,Pangong Tso
53,"http://commons.wikimedia.org/wiki/Category:Petra,_Jordan","Petra, Jordan"
54,http://commons.wikimedia.org/wiki/Category:Feroz_Shah_Kotla,Feroz Shah Kotla
55,http://commons.wikimedia.org/wiki/Category:Stob_pyramids,Stob pyramids
56,http://commons.wikimedia.org/wiki/Category:Rudkhan_Castle,Rudkhan Castle
57,http://commons.wikimedia.org/wiki/Category:Kolomenskoe,Kolomenskoe
58,"http://commons.wikimedia.org/wiki/Category:Qutb_Minar_and_its_monuments,_Delhi","Qutb Minar and its monuments, Delhi"
59,http://commons.wikimedia.org/wiki/Category:West_Side_Market,West Side Market
60,http://commons.wikimedia.org/wiki/Category:Sheikh_Safi_al-Din_Kh%C4%81neg%C4%81h_and_Shrine_Ensemble,Sheikh Safi al-Din Khānegāh and Shrine Ensemble
61,http://commons.wikimedia.org/wiki/Category:Botanical_Garden_Jevremovac,Botanical Garden Jevremovac
62,http://commons.wikimedia.org/wiki/Category:Soos,Soos
63,"http://commons.wikimedia.org/wiki/Category:Christian_Quarter,_Jerusalem","Christian Quarter, Jerusalem"
64,http://commons.wikimedia.org/wiki/Category:Pocahontas_State_Park,Pocahontas State Park
65,http://commons.wikimedia.org/wiki/Category:Oleksandria_Park,Oleksandria Park
66,http://commons.wikimedia.org/wiki/Category:Illeta_dels_Banyets,Illeta dels Banyets
67,http://commons.wikimedia.org/wiki/Category:Lake_Garda,Lake Garda
68,"http://commons.wikimedia.org/wiki/Category:St_Deiniol's_Church,_Hawarden","St Deiniol's Church, Hawarden"
69,http://commons.wikimedia.org/wiki/Category:Columbarium_of_the_P%C3%A8re-Lachaise_Cemetery,Columbarium of the Père-Lachaise Cemetery
70,http://commons.wikimedia.org/wiki/Category:San_Anton_Gardens,San Anton Gardens
71,"http://commons.wikimedia.org/wiki/Category:Sameba_Cathedral,_Tbilisi","Sameba Cathedral, Tbilisi"
72,http://commons.wikimedia.org/wiki/Category:Mokolii,Mokolii
73,http://commons.wikimedia.org/wiki/Category:Kilmallie,Kilmallie
74,http://commons.wikimedia.org/wiki/Category:Attabad_Lake,Attabad Lake
75,http://commons.wikimedia.org/wiki/Category:Dolat-Abad_Garden,Dolat-Abad Garden
76,http://commons.wikimedia.org/wiki/Category:Yosemite_Valley,Yosemite Valley
77,http://commons.wikimedia.org/wiki/Category:Forest_of_Dean,Forest of Dean
78,http://commons.wikimedia.org/wiki/Category:Granhults_kyrka,Granhults kyrka
79,"http://commons.wikimedia.org/wiki/Category:St._Lawrence,_Toronto","St. Lawrence, Toronto"
80,http://commons.wikimedia.org/wiki/Category:Castles_of_Lastours,Castles of Lastours
81,http://commons.wikimedia.org/wiki/Category:Vvedenskoe_cemetery,Vvedenskoe cemetery
82,http://commons.wikimedia.org/wiki/Category:Aterro_do_Flamengo,Aterro do Flamengo
83,http://commons.wikimedia.org/wiki/Category:Mustafa_Pasha_Mosque_(Skopje),Mustafa Pasha Mosque (Skopje)
84,http://commons.wikimedia.org/wiki/Category:Pohick_Creek,Pohick Creek
85,http://commons.wikimedia.org/wiki/Category:Tatev,Tatev
86,http://commons.wikimedia.org/wiki/Category:Museum_of_Asian_art_of_Corfu,Museum of Asian art of Corfu
87,http://commons.wikimedia.org/wiki/Category:Theatro_da_Paz,Theatro da Paz
88,"http://commons.wikimedia.org/wiki/Category:Financial_District,_Toronto","Financial District, Toronto"
89,http://commons.wikimedia.org/wiki/Category:Pinacoteca_del_Castello_Sforzesco,Pinacoteca del Castello Sforzesco
90,http://commons.wikimedia.org/wiki/Category:Glasnevin_Cemetery,Glasnevin Cemetery
91,http://commons.wikimedia.org/wiki/Category:Enz,Enz
92,http://commons.wikimedia.org/wiki/Category:Alba_Iulia_Fortress,Alba Iulia Fortress
93,http://commons.wikimedia.org/wiki/Category:Western_Wall,Western Wall
94,http://commons.wikimedia.org/wiki/Category:National_Botanical_Garden_of_Bangladesh,National Botanical Garden of Bangladesh
95,http://commons.wikimedia.org/wiki/Category:Angkor_Wat,Angkor Wat
96,http://commons.wikimedia.org/wiki/Category:Parque_Nacional_do_Pantanal_Matogrossense,Parque Nacional do Pantanal Matogrossense
97,http://commons.wikimedia.org/wiki/Category:Huangshan,Huangshan
98,http://commons.wikimedia.org/wiki/Category:Wyspa_M%C5%82y%C5%84ska_w_Bydgoszczy,Wyspa Młyńska w Bydgoszczy
99,http://commons.wikimedia.org/wiki/Category:Gettysburg_National_Military_Park,Gettysburg National Military Park
100,http://commons.wikimedia.org/wiki/Category:Ein_Avdat,Ein Avdat
101,http://commons.wikimedia.org/wiki/Category:Saiful_Muluk_Lake,Saiful Muluk Lake
102,http://commons.wikimedia.org/wiki/Category:Gorges_du_Verdon,Gorges du Verdon
103,http://commons.wikimedia.org/wiki/Category:Parque_Enrique_Tierno_Galv%C3%A1n,Parque Enrique Tierno Galván
104,"http://commons.wikimedia.org/wiki/Category:Catedral_San_Sebasti%C3%A1n,_Cochabamba","Catedral San Sebastián, Cochabamba"
105,http://commons.wikimedia.org/wiki/Category:Bangabandhu_Sheikh_Mujib_Safari_Park,Bangabandhu Sheikh Mujib Safari Park
106,http://commons.wikimedia.org/wiki/Category:Noraduz_Cemetery,Noraduz Cemetery
107,http://commons.wikimedia.org/wiki/Category:Makaravank,Makaravank
108,http://commons.wikimedia.org/wiki/Category:Fynbos,Fynbos
109,http://commons.wikimedia.org/wiki/Category:Humble_Administrator's_Garden,Humble Administrator's Garden
110,http://commons.wikimedia.org/wiki/Category:Hadrian's_Wall,Hadrian's Wall
111,http://commons.wikimedia.org/wiki/Category:Ca%C3%B1%C3%B3n_del_Sumidero,Cañón del Sumidero
112,http://commons.wikimedia.org/wiki/Category:Horezu_Monastery,Horezu Monastery
113,http://commons.wikimedia.org/wiki/Category:Zvartnots,Zvartnots
114,"http://commons.wikimedia.org/wiki/Category:Saint_John_of_God_Church_(San_Rafael,_Bulacan)","Saint John of God Church (San Rafael, Bulacan)"
115,http://commons.wikimedia.org/wiki/Category:Mount_Feathertop,Mount Feathertop
116,http://commons.wikimedia.org/wiki/Category:Lindisfarne,Lindisfarne
117,http://commons.wikimedia.org/wiki/Category:Makalu,Makalu
118,http://commons.wikimedia.org/wiki/Category:Posters,Posters
119,http://commons.wikimedia.org/wiki/Category:High_Weald_Landscape_Trail,High Weald Landscape Trail
120,http://commons.wikimedia.org/wiki/Category:Tower_Bridge,Tower Bridge
121,http://commons.wikimedia.org/wiki/Category:Freedom_Park,Freedom Park
122,http://commons.wikimedia.org/wiki/Category:Saint_Naum_Monastery,Saint Naum Monastery
123,http://commons.wikimedia.org/wiki/Category:Yellowstone_National_Park,Yellowstone National Park
124,http://commons.wikimedia.org/wiki/Category:Matka_Canyon,Matka Canyon
125,http://commons.wikimedia.org/wiki/Category:Akhtala_monastery,Akhtala monastery
126,http://commons.wikimedia.org/wiki/Category:Skomer_Island,Skomer Island
127,http://commons.wikimedia.org/wiki/Category:Sai_Ying_Pun,Sai Ying Pun
128,http://commons.wikimedia.org/wiki/Category:Fairy_Stone_State_Park,Fairy Stone State Park
129,http://commons.wikimedia.org/wiki/Category:Wat_Pho,Wat Pho
130,http://commons.wikimedia.org/wiki/Category:Olympic_Stadium_(London),Olympic Stadium (London)
131,http://commons.wikimedia.org/wiki/Category:Arroyo_Burro_Beach,Arroyo Burro Beach
132,"http://commons.wikimedia.org/wiki/Category:San_Guillermo_Church,_Bacolor","San Guillermo Church, Bacolor"
133,http://commons.wikimedia.org/wiki/Category:Perperikon,Perperikon
134,http://commons.wikimedia.org/wiki/Category:Bet_Shearim,Bet Shearim
135,http://commons.wikimedia.org/wiki/Category:Hoh_Rain_Forest,Hoh Rain Forest
136,"http://commons.wikimedia.org/wiki/Category:Saint_James_the_Greater_Church_(Plaridel,_Bulacan)","Saint James the Greater Church (Plaridel, Bulacan)"
137,http://commons.wikimedia.org/wiki/Category:Hwaseong_Fortress,Hwaseong Fortress
138,http://commons.wikimedia.org/wiki/Category:Donetsk_botanic_garden,Donetsk botanic garden
139,http://commons.wikimedia.org/wiki/Category:Tyne_Bridge,Tyne Bridge
140,http://commons.wikimedia.org/wiki/Category:Sassi_di_Matera,Sassi di Matera
141,http://commons.wikimedia.org/wiki/Category:Temple_of_Heaven,Temple of Heaven
142,http://commons.wikimedia.org/wiki/Category:SBB_Historic,SBB Historic
143,http://commons.wikimedia.org/wiki/Category:Dovbush_rocks,Dovbush rocks
144,http://commons.wikimedia.org/wiki/Category:Izborsk_Fortress,Izborsk Fortress
145,http://commons.wikimedia.org/wiki/Category:Museum_on_the_demarcation_line_in_Rokycany,Museum on the demarcation line in Rokycany
146,http://commons.wikimedia.org/wiki/Category:Annapurna_Himal,Annapurna Himal
147,http://commons.wikimedia.org/wiki/Category:Vorotnavank,Vorotnavank
148,http://commons.wikimedia.org/wiki/Category:Dupont_Circle,Dupont Circle
149,http://commons.wikimedia.org/wiki/Category:Prielbrusye,Prielbrusye
150,http://commons.wikimedia.org/wiki/Category:Vitosha_Nature_Park,Vitosha Nature Park
151,http://commons.wikimedia.org/wiki/Category:Bigorski_Monastery,Bigorski Monastery
152,http://commons.wikimedia.org/wiki/Category:Borgo_medievale_(Turin),Borgo medievale (Turin)
153,http://commons.wikimedia.org/wiki/Category:Macmillan_Way,Macmillan Way
154,http://commons.wikimedia.org/wiki/Category:Ancient_Jerash,Ancient Jerash
155,http://commons.wikimedia.org/wiki/Category:Bolk%C3%B3w_Castle,Bolków Castle
156,http://commons.wikimedia.org/wiki/Category:Olesko_Castle,Olesko Castle
157,http://commons.wikimedia.org/wiki/Category:Synevyr_National_Nature_Park,Synevyr National Nature Park
158,http://commons.wikimedia.org/wiki/Category:Mount_Wutai,Mount Wutai
159,http://commons.wikimedia.org/wiki/Category:Tidersrums_kyrka,Tidersrums kyrka
160,http://commons.wikimedia.org/wiki/Category:Hautes_Fagnes,Hautes Fagnes
161,http://commons.wikimedia.org/wiki/Category:Jurassic_Coast,Jurassic Coast
162,http://commons.wikimedia.org/wiki/Category:Serra_de_Tramuntana,Serra de Tramuntana
163,http://commons.wikimedia.org/wiki/Category:Krzy%C5%BCtop%C3%B3r_Castle,Krzyżtopór Castle
164,http://commons.wikimedia.org/wiki/Category:Trakai_Island_Castle,Trakai Island Castle
165,http://commons.wikimedia.org/wiki/Category:Tomb_of_Safdarjung,Tomb of Safdarjung
166,http://commons.wikimedia.org/wiki/Category:Nizhny_Novgorod,Nizhny Novgorod
167,"http://commons.wikimedia.org/wiki/Category:San_Agustin_Church,_Manila","San Agustin Church, Manila"
168,http://commons.wikimedia.org/wiki/Category:Chongwu_City,Chongwu City
169,http://commons.wikimedia.org/wiki/Category:Ch%C3%A2teau_de_Chambord,Château de Chambord
170,http://commons.wikimedia.org/wiki/Category:Herodium,Herodium
171,http://commons.wikimedia.org/wiki/Category:Hunza_Valley,Hunza Valley
172,http://commons.wikimedia.org/wiki/Category:Shaniwar_Wada,Shaniwar Wada
173,http://commons.wikimedia.org/wiki/Category:2018_Toronto_International_Film_Festival,2018 Toronto International Film Festival
174,http://commons.wikimedia.org/wiki/Category:Saghmosavank,Saghmosavank
175,http://commons.wikimedia.org/wiki/Category:Trevi_fountain,Trevi fountain
176,http://commons.wikimedia.org/wiki/Category:Grayson_Highlands_State_Park,Grayson Highlands State Park
177,http://commons.wikimedia.org/wiki/Category:De_Slufter,De Slufter
178,http://commons.wikimedia.org/wiki/Category:Shandong,Shandong
179,http://commons.wikimedia.org/wiki/Category:Zhovkva_Castle,Zhovkva Castle
180,http://commons.wikimedia.org/wiki/Category:Rocks_of_MODR,Rocks of MODR
181,http://commons.wikimedia.org/wiki/Category:La_D%C3%B4le,La Dôle
182,http://commons.wikimedia.org/wiki/Category:Ponte_Vasco_da_Gama,Ponte Vasco da Gama
183,http://commons.wikimedia.org/wiki/Category:Grand_Western_Canal,Grand Western Canal
184,http://commons.wikimedia.org/wiki/Category:J%C3%BCdischer_Friedhof_Berlin-Wei%C3%9Fensee,Jüdischer Friedhof Berlin-Weißensee
185,http://commons.wikimedia.org/wiki/Category:Kecharis,Kecharis
186,http://commons.wikimedia.org/wiki/Category:Komitas_Pantheon,Komitas Pantheon
187,http://commons.wikimedia.org/wiki/Category:Nature_of_Antarctica,Nature of Antarctica
188,http://commons.wikimedia.org/wiki/Category:De_Biesbosch,De Biesbosch
189,http://commons.wikimedia.org/wiki/Category:Naturschutzgebiet_Schwarze_Heide,Naturschutzgebiet Schwarze Heide
190,http://commons.wikimedia.org/wiki/Category:Gamla_Uppsala_museum,Gamla Uppsala museum
191,http://commons.wikimedia.org/wiki/Category:Pichincha_Volcano,Pichincha Volcano
192,http://commons.wikimedia.org/wiki/Category:Muzeum_In%C5%BCynierii_Miejskiej_w_Krakowie,Muzeum Inżynierii Miejskiej w Krakowie
193,http://commons.wikimedia.org/wiki/Category:Brockhampton_Estate,Brockhampton Estate
194,http://commons.wikimedia.org/wiki/Category:St._Sophia_Church_(Ohrid),St. Sophia Church (Ohrid)
195,http://commons.wikimedia.org/wiki/Category:Skopje_Fortress,Skopje Fortress
196,http://commons.wikimedia.org/wiki/Category:St._John_of_Mastara,St. John of Mastara
197,http://commons.wikimedia.org/wiki/Category:Dresden_Hauptbahnhof,Dresden Hauptbahnhof
198,http://commons.wikimedia.org/wiki/Category:Herz-Jesu-Kirche_(Dresden),Herz-Jesu-Kirche (Dresden)
199,http://commons.wikimedia.org/wiki/Category:Parque_Nacional_do_Catimbau,Parque Nacional do Catimbau
200,http://commons.wikimedia.org/wiki/Category:Heskin_Hall,Heskin Hall
201,http://commons.wikimedia.org/wiki/Category:Texas_Renaissance_Festival,Texas Renaissance Festival
202,http://commons.wikimedia.org/wiki/Category:Chich%C3%A9n_Itz%C3%A1,Chichén Itzá
203,http://commons.wikimedia.org/wiki/Category:Arg_of_Karim_Khan,Arg of Karim Khan
204,http://commons.wikimedia.org/wiki/Category:Mehrangarh_Fort,Mehrangarh Fort
205,http://commons.wikimedia.org/wiki/Category:Masada,Masada
206,http://commons.wikimedia.org/wiki/Category:Evangelische_Pfarrkirche_M%C3%BCnzenberg,Evangelische Pfarrkirche Münzenberg
207,http://commons.wikimedia.org/wiki/Category:Petrovaradin_Fortress,Petrovaradin Fortress
208,http://commons.wikimedia.org/wiki/Category:Yungang_Grottoes,Yungang Grottoes
209,http://commons.wikimedia.org/wiki/Category:Padr%C3%A3o_dos_Descobrimentos,Padrão dos Descobrimentos
210,http://commons.wikimedia.org/wiki/Category:Kinderdijk_windmills,Kinderdijk windmills
211,"http://commons.wikimedia.org/wiki/Category:Market_Square,_Lviv","Market Square, Lviv"
212,http://commons.wikimedia.org/wiki/Category:Naturschutzgebiet_Steinberg_bei_Wesseln,Naturschutzgebiet Steinberg bei Wesseln
213,http://commons.wikimedia.org/wiki/Category:Terra_Botanica,Terra Botanica
214,http://commons.wikimedia.org/wiki/Category:Fichtelberg_(Erzgebirge),Fichtelberg (Erzgebirge)
215,http://commons.wikimedia.org/wiki/Category:Akkerman_fortress,Akkerman fortress
216,http://commons.wikimedia.org/wiki/Category:Svirzh_Castle,Svirzh Castle
217,"http://commons.wikimedia.org/wiki/Category:Fisherman's_Wharf,_San_Francisco","Fisherman's Wharf, San Francisco"
218,http://commons.wikimedia.org/wiki/Category:Douthat_State_Park,Douthat State Park
219,http://commons.wikimedia.org/wiki/Category:Jasna_G%C3%B3ra,Jasna Góra
220,http://commons.wikimedia.org/wiki/Category:Bayon,Bayon
221,http://commons.wikimedia.org/wiki/Category:Vi%C3%B1ales_Valley,Viñales Valley
222,http://commons.wikimedia.org/wiki/Category:East_Side_Gallery,East Side Gallery
223,http://commons.wikimedia.org/wiki/Category:River_Farm,River Farm
224,http://commons.wikimedia.org/wiki/Category:Eiktunet,Eiktunet
225,http://commons.wikimedia.org/wiki/Category:Sima_de_las_Cotorras,Sima de las Cotorras
226,http://commons.wikimedia.org/wiki/Category:Mount_Rushmore_National_Memorial,Mount Rushmore National Memorial
227,http://commons.wikimedia.org/wiki/Category:Rhine_Falls,Rhine Falls
228,http://commons.wikimedia.org/wiki/Category:Saint_Hilarion_Castle,Saint Hilarion Castle
229,http://commons.wikimedia.org/wiki/Category:Snizort,Snizort
230,http://commons.wikimedia.org/wiki/Category:Arthur's_Seat,Arthur's Seat
231,http://commons.wikimedia.org/wiki/Category:Ajanta_Caves,Ajanta Caves
232,http://commons.wikimedia.org/wiki/Category:Grand_Canyon_National_Park,Grand Canyon National Park
233,http://commons.wikimedia.org/wiki/Category:Parque_Terra_Nostra,Parque Terra Nostra
234,http://commons.wikimedia.org/wiki/Category:Pra%C3%A7a_do_Com%C3%A9rcio,Praça do Comércio
235,http://commons.wikimedia.org/wiki/Category:Sofiyivsky_Park,Sofiyivsky Park
236,http://commons.wikimedia.org/wiki/Category:Hill_of_Crosses,Hill of Crosses
237,http://commons.wikimedia.org/wiki/Category:Way_of_Saint_James_in_Spain,Way of Saint James in Spain
238,http://commons.wikimedia.org/wiki/Category:Prague_Astronomical_Clock,Prague Astronomical Clock
239,http://commons.wikimedia.org/wiki/Category:Kapan_an,Kapan an
240,http://commons.wikimedia.org/wiki/Category:Pilkington_Library,Pilkington Library
241,http://commons.wikimedia.org/wiki/Category:Grand_Canyon,Grand Canyon
242,http://commons.wikimedia.org/wiki/Category:Schw%C3%A4bische_Alb,Schwäbische Alb
243,http://commons.wikimedia.org/wiki/Category:St._Augustine_Parish_Church_of_Baliuag,St. Augustine Parish Church of Baliuag
244,http://commons.wikimedia.org/wiki/Category:Gloriette_Sch%C3%B6nbrunn,Gloriette Schönbrunn
245,http://commons.wikimedia.org/wiki/Category:Dwarves_in_Wroc%C5%82aw,Dwarves in Wrocław
246,http://commons.wikimedia.org/wiki/Category:Beit_Weizmann,Beit Weizmann
247,http://commons.wikimedia.org/wiki/Category:Eiffel_Tower,Eiffel Tower
248,http://commons.wikimedia.org/wiki/Category:Naturschutzgebiet_Steinbruch_Holzm%C3%BChle,Naturschutzgebiet Steinbruch Holzmühle
249,http://commons.wikimedia.org/wiki/Category:Haskovo_Historic_Museum,Haskovo Historic Museum
250,http://commons.wikimedia.org/wiki/Category:Cambridge_University_Botanic_Garden,Cambridge University Botanic Garden
251,http://commons.wikimedia.org/wiki/Category:Giardino_Botanico_Alpino_Viote,Giardino Botanico Alpino Viote
252,"http://commons.wikimedia.org/wiki/Category:Karlskirche,_Vienna","Karlskirche, Vienna"
253,http://commons.wikimedia.org/wiki/Category:North_Sea,North Sea
254,http://commons.wikimedia.org/wiki/Category:Kraton_of_Yogyakarta,Kraton of Yogyakarta
255,http://commons.wikimedia.org/wiki/Category:Kwun_Tong,Kwun Tong
256,http://commons.wikimedia.org/wiki/Category:%C4%8Cesk%C3%BD_Krumlov_Castle,Český Krumlov Castle
257,http://commons.wikimedia.org/wiki/Category:Ir._D.F._Wouda-gemaal,Ir. D.F. Wouda-gemaal
258,http://commons.wikimedia.org/wiki/Category:Westmoreland_State_Park,Westmoreland State Park
259,http://commons.wikimedia.org/wiki/Category:Kerch_Archeology_museum,Kerch Archeology museum
260,http://commons.wikimedia.org/wiki/Category:New_Town_Hall_(Munich),New Town Hall (Munich)
261,"http://commons.wikimedia.org/wiki/Category:Financial_District,_Manhattan","Financial District, Manhattan"
262,http://commons.wikimedia.org/wiki/Category:Graceland,Graceland
263,http://commons.wikimedia.org/wiki/Category:Caesarea_Maritima,Caesarea Maritima
264,http://commons.wikimedia.org/wiki/Category:Amber_Fort,Amber Fort
265,http://commons.wikimedia.org/wiki/Category:Exe_Estuary,Exe Estuary
266,http://commons.wikimedia.org/wiki/Category:Itatiaia_National_Park,Itatiaia National Park
267,http://commons.wikimedia.org/wiki/Category:Grote_of_Onze-Lieve-Vrouwekerk_(Breda),Grote of Onze-Lieve-Vrouwekerk (Breda)
268,http://commons.wikimedia.org/wiki/Category:Majorelle_Garden,Majorelle Garden
269,http://commons.wikimedia.org/wiki/Category:Kolomna_Kremlin,Kolomna Kremlin
270,http://commons.wikimedia.org/wiki/Category:Tomb_of_Ali_Mardan_Khan,Tomb of Ali Mardan Khan
271,http://commons.wikimedia.org/wiki/Category:W%C3%B6rthersee,Wörthersee
272,http://commons.wikimedia.org/wiki/Category:Banff_National_Park,Banff National Park
273,"http://commons.wikimedia.org/wiki/Category:Dai_Anga_Tomb,_Lahore","Dai Anga Tomb, Lahore"
274,http://commons.wikimedia.org/wiki/Category:Sydney_Opera_House,Sydney Opera House
275,http://commons.wikimedia.org/wiki/Category:Wulingyuan,Wulingyuan
276,http://commons.wikimedia.org/wiki/Category:De_Alde_Feanen,De Alde Feanen
277,http://commons.wikimedia.org/wiki/Category:Burg_Stolpen,Burg Stolpen
278,"http://commons.wikimedia.org/wiki/Category:Victoria_Memorial,_London","Victoria Memorial, London"
279,http://commons.wikimedia.org/wiki/Category:Kasteel_Duivenvoorde,Kasteel Duivenvoorde
280,"http://commons.wikimedia.org/wiki/Category:Hortus_(Haren,_Groningen)","Hortus (Haren, Groningen)"
281,http://commons.wikimedia.org/wiki/Category:Ebenalp,Ebenalp
282,http://commons.wikimedia.org/wiki/Category:Kazan,Kazan
283,http://commons.wikimedia.org/wiki/Category:Erddig,Erddig
284,http://commons.wikimedia.org/wiki/Category:Shalimar_Gardens_(Lahore),Shalimar Gardens (Lahore)
285,"http://commons.wikimedia.org/wiki/Category:Crystal_City,_Arlington,_Virginia","Crystal City, Arlington, Virginia"
286,http://commons.wikimedia.org/wiki/Category:Washington_Monument,Washington Monument
287,http://commons.wikimedia.org/wiki/Category:Popova_%C5%A0apka,Popova Šapka
288,http://commons.wikimedia.org/wiki/Category:Wells_Gray_Provincial_Park,Wells Gray Provincial Park
289,http://commons.wikimedia.org/wiki/Category:Petronas_Towers,Petronas Towers
290,http://commons.wikimedia.org/wiki/Category:Miniature_park_in_Bakhchisaray,Miniature park in Bakhchisaray
291,http://commons.wikimedia.org/wiki/Category:Vodno,Vodno
292,"http://commons.wikimedia.org/wiki/Category:Saint_Aloysius_Gonzaga_Church_(San_Luis,_Pampanga)","Saint Aloysius Gonzaga Church (San Luis, Pampanga)"
293,http://commons.wikimedia.org/wiki/Category:Ein_Gedi,Ein Gedi
294,http://commons.wikimedia.org/wiki/Category:Aptekarsky_Ogorod,Aptekarsky Ogorod
295,"http://commons.wikimedia.org/wiki/Category:Grote_of_Sint-Nicolaaskerk,_Edam","Grote of Sint-Nicolaaskerk, Edam"
296,http://commons.wikimedia.org/wiki/Category:Quinta_da_Regaleira,Quinta da Regaleira
297,http://commons.wikimedia.org/wiki/Category:Bastei,Bastei
298,http://commons.wikimedia.org/wiki/Category:Palazzo_Ducale_(Genoa),Palazzo Ducale (Genoa)
299,http://commons.wikimedia.org/wiki/Category:Aj-Petri_Yayla,Aj-Petri Yayla
300,http://commons.wikimedia.org/wiki/Category:El_Tatio,El Tatio
301,http://commons.wikimedia.org/wiki/Category:Glacier_National_Park,Glacier National Park
302,http://commons.wikimedia.org/wiki/Category:Delicate_Arch,Delicate Arch
303,http://commons.wikimedia.org/wiki/Category:Pirin,Pirin
304,http://commons.wikimedia.org/wiki/Category:National_M._M._Grishko_botanical_garden_(Kiev),National M. M. Grishko botanical garden (Kiev)
305,http://commons.wikimedia.org/wiki/Category:Castello_di_Popoli,Castello di Popoli
306,http://commons.wikimedia.org/wiki/Category:Barrow_Hill_Engine_Shed,Barrow Hill Engine Shed
307,"http://commons.wikimedia.org/wiki/Category:Daulatabad,_Maharashtra","Daulatabad, Maharashtra"
308,http://commons.wikimedia.org/wiki/Category:Gateway_of_India,Gateway of India
309,http://commons.wikimedia.org/wiki/Category:Haseder_Busch,Haseder Busch
310,http://commons.wikimedia.org/wiki/Category:Craters_of_the_Moon_National_Monument,Craters of the Moon National Monument
311,http://commons.wikimedia.org/wiki/Category:Holliday_Lake_State_Park,Holliday Lake State Park
312,http://commons.wikimedia.org/wiki/Category:Taal_Basilica,Taal Basilica
313,http://commons.wikimedia.org/wiki/Category:Pillnitz_Castle,Pillnitz Castle
314,http://commons.wikimedia.org/wiki/Category:Church_of_the_Annunciation,Church of the Annunciation
315,http://commons.wikimedia.org/wiki/Category:Czocha_Castle,Czocha Castle
316,http://commons.wikimedia.org/wiki/Category:Flower_Festival_Commemorative_Park,Flower Festival Commemorative Park
317,http://commons.wikimedia.org/wiki/Category:Tsiranavor,Tsiranavor
318,http://commons.wikimedia.org/wiki/Category:Mount_of_Olives,Mount of Olives
319,http://commons.wikimedia.org/wiki/Category:Enchanted_Floral_Gardens_of_Kula,Enchanted Floral Gardens of Kula
320,http://commons.wikimedia.org/wiki/Category:Sky_Meadows_State_Park,Sky Meadows State Park
321,http://commons.wikimedia.org/wiki/Category:Haghartsin_Monastery,Haghartsin Monastery
322,http://commons.wikimedia.org/wiki/Category:Montju%C3%AFc_Cemetery,Montjuïc Cemetery
323,http://commons.wikimedia.org/wiki/Category:Le_Reculet,Le Reculet
324,http://commons.wikimedia.org/wiki/Category:Moku_Manu,Moku Manu
325,http://commons.wikimedia.org/wiki/Category:Recoleta_Cemetery,Recoleta Cemetery
326,http://commons.wikimedia.org/wiki/Category:K%C5%8Draku-en,Kōraku-en
327,"http://commons.wikimedia.org/wiki/Category:Victoria_Memorial,_Kolkata","Victoria Memorial, Kolkata"
328,http://commons.wikimedia.org/wiki/Category:Jantar_Mantar_(Delhi),Jantar Mantar (Delhi)
329,http://commons.wikimedia.org/wiki/Category:Utrecht_Dom_Tower,Utrecht Dom Tower
330,http://commons.wikimedia.org/wiki/Category:Simon_en_Judaskerk_(Ootmarsum),Simon en Judaskerk (Ootmarsum)
331,http://commons.wikimedia.org/wiki/Category:Karmravor,Karmravor
332,http://commons.wikimedia.org/wiki/Category:Guggenheim_Museum_Bilbao,Guggenheim Museum Bilbao
333,"http://commons.wikimedia.org/wiki/Category:Spring_Grove_Cemetery,_Cincinnati","Spring Grove Cemetery, Cincinnati"
334,http://commons.wikimedia.org/wiki/Category:Hanging_Temple,Hanging Temple
335,http://commons.wikimedia.org/wiki/Category:Yorkshire_Wolds_Way,Yorkshire Wolds Way
336,http://commons.wikimedia.org/wiki/Category:River_Exe,River Exe
337,http://commons.wikimedia.org/wiki/Category:Ch%C3%A2teau_d'Azay-le-Rideau,Château d'Azay-le-Rideau
338,http://commons.wikimedia.org/wiki/Category:Boulders_Beach,Boulders Beach
339,http://commons.wikimedia.org/wiki/Category:Novodevichy_Convent,Novodevichy Convent
340,"http://commons.wikimedia.org/wiki/Category:V%C3%A5gen,_Bergen","Vågen, Bergen"
341,http://commons.wikimedia.org/wiki/Category:Manassas_National_Battlefield_Park,Manassas National Battlefield Park
342,http://commons.wikimedia.org/wiki/Category:South_Beach,South Beach
343,http://commons.wikimedia.org/wiki/Category:Beverley_Minster,Beverley Minster
344,http://commons.wikimedia.org/wiki/Category:Mus%C3%A9e_Bolo,Musée Bolo
345,http://commons.wikimedia.org/wiki/Category:Legoland_Windsor,Legoland Windsor
346,http://commons.wikimedia.org/wiki/Category:Castelo_de_S%C3%A3o_Jorge,Castelo de São Jorge
347,http://commons.wikimedia.org/wiki/Category:San_Anton_Palace,San Anton Palace
348,http://commons.wikimedia.org/wiki/Category:Jaffa,Jaffa
349,http://commons.wikimedia.org/wiki/Category:Kazan_Kremlin,Kazan Kremlin
350,http://commons.wikimedia.org/wiki/Category:Lake_Burrumbeet,Lake Burrumbeet
351,http://commons.wikimedia.org/wiki/Category:Svetitskhoveli,Svetitskhoveli
352,"http://commons.wikimedia.org/wiki/Category:St._Andrew's_Church,_Kiev","St. Andrew's Church, Kiev"
353,http://commons.wikimedia.org/wiki/Category:Southern_Upland_Way,Southern Upland Way
354,http://commons.wikimedia.org/wiki/Category:Old_Town_of_Lijiang,Old Town of Lijiang
355,http://commons.wikimedia.org/wiki/Category:Terminal_Tower,Terminal Tower
356,http://commons.wikimedia.org/wiki/Category:Crimean_Mountains,Crimean Mountains
357,http://commons.wikimedia.org/wiki/Category:Schloss_Sonnenstein,Schloss Sonnenstein
358,http://commons.wikimedia.org/wiki/Category:Yuyuan_Gardens,Yuyuan Gardens
359,http://commons.wikimedia.org/wiki/Category:Nature_reserve_of_Trapani_and_Paceco_salt_ponds,Nature reserve of Trapani and Paceco salt ponds
360,http://commons.wikimedia.org/wiki/Category:Wayne_National_Forest,Wayne National Forest
361,http://commons.wikimedia.org/wiki/Category:Tatevi_Anapat,Tatevi Anapat
362,http://commons.wikimedia.org/wiki/Category:Ashtarak_Marine_church,Ashtarak Marine church
363,http://commons.wikimedia.org/wiki/Category:J%C3%B6kuls%C3%A1rl%C3%B3n,Jökulsárlón
364,http://commons.wikimedia.org/wiki/Category:Kosciuszko_National_Park,Kosciuszko National Park
365,http://commons.wikimedia.org/wiki/Category:Huis_Bergh,Huis Bergh
366,http://commons.wikimedia.org/wiki/Category:Iguazu_Falls,Iguazu Falls
367,http://commons.wikimedia.org/wiki/Category:Cliffs_of_Moher,Cliffs of Moher
368,http://commons.wikimedia.org/wiki/Category:St._Volodymyr's_Cathedral,St. Volodymyr's Cathedral
369,http://commons.wikimedia.org/wiki/Category:Aspydni_slantsi,Aspydni slantsi
370,http://commons.wikimedia.org/wiki/Category:Staffordshire_and_Worcestershire_Canal,Staffordshire and Worcestershire Canal
371,"http://commons.wikimedia.org/wiki/Category:Our_Lady_of_the_Assumption_Parish_Church_in_Bulacan,_Bulacan","Our Lady of the Assumption Parish Church in Bulacan, Bulacan"
372,http://commons.wikimedia.org/wiki/Category:Oxford_Canal,Oxford Canal
373,http://commons.wikimedia.org/wiki/Category:Nature_Reserve_Chalkland_flora,Nature Reserve Chalkland flora
374,http://commons.wikimedia.org/wiki/Category:Speicherstadt,Speicherstadt
375,http://commons.wikimedia.org/wiki/Category:Kasteel_van_Breda,Kasteel van Breda
376,http://commons.wikimedia.org/wiki/Category:Tarka_Trail,Tarka Trail
377,http://commons.wikimedia.org/wiki/Category:Rila_National_Park,Rila National Park
378,http://commons.wikimedia.org/wiki/Category:P%C4%99ksowy_Brzyzek_National_Cemetery_in_Zakopane,Pęksowy Brzyzek National Cemetery in Zakopane
379,http://commons.wikimedia.org/wiki/Category:Conwy_Castle,Conwy Castle
380,"http://commons.wikimedia.org/wiki/Category:Hyde_Park,_London","Hyde Park, London"
381,http://commons.wikimedia.org/wiki/Category:Port_of_Jaffa,Port of Jaffa
382,http://commons.wikimedia.org/wiki/Category:Edificio_del_ex_Congreso_Nacional_de_Chile,Edificio del ex Congreso Nacional de Chile
383,http://commons.wikimedia.org/wiki/Category:Saint_Holy_Mother_church_of_Yeghvard,Saint Holy Mother church of Yeghvard
384,http://commons.wikimedia.org/wiki/Category:Shivapuri_Nagarjun_National_Park,Shivapuri Nagarjun National Park
385,http://commons.wikimedia.org/wiki/Category:Ein_Afek,Ein Afek
386,http://commons.wikimedia.org/wiki/Category:Feofaniya_Park,Feofaniya Park
387,http://commons.wikimedia.org/wiki/Category:Hungry_Mother_State_Park,Hungry Mother State Park
388,http://commons.wikimedia.org/wiki/Category:City_of_David,City of David
389,http://commons.wikimedia.org/wiki/Category:Poltava's_city_park,Poltava's city park
390,http://commons.wikimedia.org/wiki/Category:Parque_Nacional_de_Aparados_da_Serra,Parque Nacional de Aparados da Serra
391,http://commons.wikimedia.org/wiki/Category:Park_Miniatur_w_Inwa%C5%82dzie,Park Miniatur w Inwałdzie
392,http://commons.wikimedia.org/wiki/Category:Rila,Rila
393,http://commons.wikimedia.org/wiki/Category:Cardiff_Bay,Cardiff Bay
394,http://commons.wikimedia.org/wiki/Category:Botanical_Garden_KIT,Botanical Garden KIT
395,http://commons.wikimedia.org/wiki/Category:Preah_Khan,Preah Khan
396,http://commons.wikimedia.org/wiki/Category:Castello_Estense_(Ferrara),Castello Estense (Ferrara)
397,http://commons.wikimedia.org/wiki/Category:Episcopal_Diocese_of_Southwest_Florida,Episcopal Diocese of Southwest Florida
398,http://commons.wikimedia.org/wiki/Category:Metekhi_church,Metekhi church
399,http://commons.wikimedia.org/wiki/Category:Marmashen,Marmashen
400,http://commons.wikimedia.org/wiki/Category:Gorgany_Nature_Reserve,Gorgany Nature Reserve
401,http://commons.wikimedia.org/wiki/Category:Nimrod_Fortress,Nimrod Fortress
402,http://commons.wikimedia.org/wiki/Category:Elephantine,Elephantine
403,http://commons.wikimedia.org/wiki/Category:Bosque_de_la_Rep%C3%BAblica,Bosque de la República
404,http://commons.wikimedia.org/wiki/Category:Tulum,Tulum
405,http://commons.wikimedia.org/wiki/Category:Somapura_Mahavihara,Somapura Mahavihara
406,http://commons.wikimedia.org/wiki/Category:Superior_National_Forest,Superior National Forest
407,http://commons.wikimedia.org/wiki/Category:White_Cliffs_of_Dover,White Cliffs of Dover
408,http://commons.wikimedia.org/wiki/Category:Museum_of_Folk_Architecture_and_Ethnography_in_Pyrohiv,Museum of Folk Architecture and Ethnography in Pyrohiv
409,http://commons.wikimedia.org/wiki/Category:Crusaders'_Halls,Crusaders' Halls
410,http://commons.wikimedia.org/wiki/Category:Parc_du_Premier-Chemin-de-Fer,Parc du Premier-Chemin-de-Fer
411,http://commons.wikimedia.org/wiki/Category:Piazza_de_Ferrari_(Genoa),Piazza de Ferrari (Genoa)
412,http://commons.wikimedia.org/wiki/Category:Belle_Isle_State_Park_(Virginia),Belle Isle State Park (Virginia)
413,http://commons.wikimedia.org/wiki/Category:Valle_de_la_Orotava,Valle de la Orotava
414,http://commons.wikimedia.org/wiki/Category:First_Landing_State_Park,First Landing State Park
415,http://commons.wikimedia.org/wiki/Category:Jackson_Ward,Jackson Ward
416,http://commons.wikimedia.org/wiki/Category:Shivta,Shivta
417,http://commons.wikimedia.org/wiki/Category:Castell_de_Montju%C3%AFc,Castell de Montjuïc
418,http://commons.wikimedia.org/wiki/Category:%C3%87ufut_Qale,Çufut Qale
419,http://commons.wikimedia.org/wiki/Category:Caledon_State_Park,Caledon State Park
420,http://commons.wikimedia.org/wiki/Category:Kapellbr%C3%BCcke,Kapellbrücke
421,http://commons.wikimedia.org/wiki/Category:Cemetery_H%C3%A1zsong%C3%A1rd,Cemetery Házsongárd
422,http://commons.wikimedia.org/wiki/Category:Museu_Catavento,Museu Catavento
423,http://commons.wikimedia.org/wiki/Category:Jardin_du_Luxembourg,Jardin du Luxembourg
424,http://commons.wikimedia.org/wiki/Category:Fort_Edmonton_Park,Fort Edmonton Park
425,http://commons.wikimedia.org/wiki/Category:Wadi_Rum,Wadi Rum
426,http://commons.wikimedia.org/wiki/Category:National_Flag_Memorial,National Flag Memorial
427,http://commons.wikimedia.org/wiki/Category:Mount_Rainier_National_Park,Mount Rainier National Park
428,http://commons.wikimedia.org/wiki/Category:Schloss_Nordkirchen,Schloss Nordkirchen
429,http://commons.wikimedia.org/wiki/Category:Southwest_Virginia_Museum_Historical_State_Park,Southwest Virginia Museum Historical State Park
430,"http://commons.wikimedia.org/wiki/Category:Magnolia_Plantation,_South_Carolina","Magnolia Plantation, South Carolina"
431,http://commons.wikimedia.org/wiki/Category:Baikove_Cemetery,Baikove Cemetery
432,http://commons.wikimedia.org/wiki/Category:Z%C3%BCrichhorn,Zürichhorn
433,"http://commons.wikimedia.org/wiki/Category:Alexander_Nevsky_Cathedral,_Sofia","Alexander Nevsky Cathedral, Sofia"
434,http://commons.wikimedia.org/wiki/Category:Fomin_Botanical_Garden,Fomin Botanical Garden
435,http://commons.wikimedia.org/wiki/Category:Carvers_Creek_State_Park,Carvers Creek State Park
436,http://commons.wikimedia.org/wiki/Category:Landschaftspark_Duisburg-Nord,Landschaftspark Duisburg-Nord
437,http://commons.wikimedia.org/wiki/Category:Du_Fu_Thatched_Cottage,Du Fu Thatched Cottage
438,http://commons.wikimedia.org/wiki/Category:Lainzer_Tiergarten,Lainzer Tiergarten
439,http://commons.wikimedia.org/wiki/Category:Castle_Doorwerth,Castle Doorwerth
440,http://commons.wikimedia.org/wiki/Category:Serra_Geral_National_Park,Serra Geral National Park
441,http://commons.wikimedia.org/wiki/Category:Raglan_Castle,Raglan Castle
442,http://commons.wikimedia.org/wiki/Category:Rohtas_Fort,Rohtas Fort
443,http://commons.wikimedia.org/wiki/Category:Stonehenge,Stonehenge
444,http://commons.wikimedia.org/wiki/Category:Tel_Aviv_Port,Tel Aviv Port
445,"http://commons.wikimedia.org/wiki/Category:Tintern_Abbey,_Wales","Tintern Abbey, Wales"
446,http://commons.wikimedia.org/wiki/Category:Royal_Palace_of_Amsterdam,Royal Palace of Amsterdam
447,http://commons.wikimedia.org/wiki/Category:Forth_Bridge,Forth Bridge
448,http://commons.wikimedia.org/wiki/Category:Uspensky_monastery_in_Bakhchisaray,Uspensky monastery in Bakhchisaray
449,http://commons.wikimedia.org/wiki/Category:Br%C3%B3dno_Cemetery,Bródno Cemetery
450,"http://commons.wikimedia.org/wiki/Category:City_of_San_Fernando,_Pampanga","City of San Fernando, Pampanga"
451,"http://commons.wikimedia.org/wiki/Category:Village_Museum,_Bucharest","Village Museum, Bucharest"
452,http://commons.wikimedia.org/wiki/Category:Roanoke_College,Roanoke College
453,http://commons.wikimedia.org/wiki/Category:Sailor's_Creek_Battlefield_Historical_State_Park,Sailor's Creek Battlefield Historical State Park
454,http://commons.wikimedia.org/wiki/Category:High_Bridge_Trail_State_Park,High Bridge Trail State Park
455,http://commons.wikimedia.org/wiki/Category:Kasteel_Woerden,Kasteel Woerden
456,http://commons.wikimedia.org/wiki/Category:St%C3%BCbing,Stübing
457,http://commons.wikimedia.org/wiki/Category:Kongsfjorden,Kongsfjorden
458,http://commons.wikimedia.org/wiki/Category:Carnegie_Museum_of_Natural_History,Carnegie Museum of Natural History
459,http://commons.wikimedia.org/wiki/Category:Tel_Yokneam,Tel Yokneam
460,http://commons.wikimedia.org/wiki/Category:Great_Barrier_Reef,Great Barrier Reef
461,http://commons.wikimedia.org/wiki/Category:Sydney_Harbour_Bridge,Sydney Harbour Bridge
462,"http://commons.wikimedia.org/wiki/Category:Casa_Rosada,_Buenos_Aires","Casa Rosada, Buenos Aires"
463,"http://commons.wikimedia.org/wiki/Category:Floor_mosaics_in_Freiburg_im_Breisgau,_Germany","Floor mosaics in Freiburg im Breisgau, Germany"
464,http://commons.wikimedia.org/wiki/Category:Torres_de_Serrans,Torres de Serrans
465,http://commons.wikimedia.org/wiki/Category:Praia_da_Nazar%C3%A9,Praia da Nazaré
466,http://commons.wikimedia.org/wiki/Category:Kiautschou,Kiautschou
467,http://commons.wikimedia.org/wiki/Category:Great_Smoky_Mountains_National_Park,Great Smoky Mountains National Park
468,http://commons.wikimedia.org/wiki/Category:Staunton_River_State_Park,Staunton River State Park
469,http://commons.wikimedia.org/wiki/Category:Bois_de_Boulogne,Bois de Boulogne
470,http://commons.wikimedia.org/wiki/Category:Yosemite_National_Park,Yosemite National Park
471,http://commons.wikimedia.org/wiki/Category:Bolingbroke_Castle,Bolingbroke Castle
472,http://commons.wikimedia.org/wiki/Category:Kissimmee_Air_Museum,Kissimmee Air Museum
473,http://commons.wikimedia.org/wiki/Category:Kontula,Kontula
474,http://commons.wikimedia.org/wiki/Category:John_D._Rockefeller_Jr._Library,John D. Rockefeller Jr. Library
475,http://commons.wikimedia.org/wiki/Category:Lake_Wendouree,Lake Wendouree
476,http://commons.wikimedia.org/wiki/Category:Muktinath,Muktinath
477,http://commons.wikimedia.org/wiki/Category:D%C3%BAn_Laoghaire,Dún Laoghaire
478,http://commons.wikimedia.org/wiki/Category:Masoudieh_Mansion,Masoudieh Mansion
479,http://commons.wikimedia.org/wiki/Category:Sete_Cidades,Sete Cidades
480,http://commons.wikimedia.org/wiki/Category:Brookwood_Cemetery,Brookwood Cemetery
481,http://commons.wikimedia.org/wiki/Category:C%C4%93sis_Castle,Cēsis Castle
482,http://commons.wikimedia.org/wiki/Category:Nederlule%C3%A5_kyrka,Nederluleå kyrka
483,http://commons.wikimedia.org/wiki/Category:Lake_Bled,Lake Bled
484,http://commons.wikimedia.org/wiki/Category:Saint-Henri,Saint-Henri
485,"http://commons.wikimedia.org/wiki/Category:Royal_Albert_Dock,_Liverpool","Royal Albert Dock, Liverpool"
486,http://commons.wikimedia.org/wiki/Category:Shenandoah_River_State_Park,Shenandoah River State Park
487,http://commons.wikimedia.org/wiki/Category:Republic_Square_of_Yerevan,Republic Square of Yerevan
488,http://commons.wikimedia.org/wiki/Category:Pacific_Aviation_Museum,Pacific Aviation Museum
489,http://commons.wikimedia.org/wiki/Category:Museu_de_Arqueologia_e_Etnologia_da_Universidade_de_S%C3%A3o_Paulo,Museu de Arqueologia e Etnologia da Universidade de São Paulo
490,http://commons.wikimedia.org/wiki/Category:Vysokopetrovsky_Monastery,Vysokopetrovsky Monastery
491,http://commons.wikimedia.org/wiki/Category:Brookside_Gardens,Brookside Gardens
492,http://commons.wikimedia.org/wiki/Category:Ljubljana_Castle,Ljubljana Castle
493,http://commons.wikimedia.org/wiki/Category:Hoensbroek_Castle,Hoensbroek Castle
494,http://commons.wikimedia.org/wiki/Category:Begnas_Lake,Begnas Lake
495,http://commons.wikimedia.org/wiki/Category:Lake_Lucerne,Lake Lucerne
496,http://commons.wikimedia.org/wiki/Category:St._Michael_the_Archangel_Church_(Avtokomanda),St. Michael the Archangel Church (Avtokomanda)
497,http://commons.wikimedia.org/wiki/Category:Xishuangbanna_Tropical_Botanical_Garden,Xishuangbanna Tropical Botanical Garden
498,http://commons.wikimedia.org/wiki/Category:Idaho_Military_History_Museum,Idaho Military History Museum
499,http://commons.wikimedia.org/wiki/Category:Curzon_Hall,Curzon Hall
500,http://commons.wikimedia.org/wiki/Category:Dolomites,Dolomites
501,http://commons.wikimedia.org/wiki/Category:Fushimi_Inari-taisha,Fushimi Inari-taisha
502,http://commons.wikimedia.org/wiki/Category:Vienna_City_Hall,Vienna City Hall
503,http://commons.wikimedia.org/wiki/Category:Memorial_to_the_Murdered_Jews_of_Europe,Memorial to the Murdered Jews of Europe
504,http://commons.wikimedia.org/wiki/Category:Parc_de_Saint-Cloud,Parc de Saint-Cloud
505,http://commons.wikimedia.org/wiki/Category:Udayagiri_and_Khandagiri_Caves,Udayagiri and Khandagiri Caves
506,http://commons.wikimedia.org/wiki/Category:Oslo_Opera_house,Oslo Opera house
507,http://commons.wikimedia.org/wiki/Category:Hurricane_Ridge,Hurricane Ridge
508,http://commons.wikimedia.org/wiki/Category:Cidade_da_Cultura,Cidade da Cultura
509,http://commons.wikimedia.org/wiki/Category:Molokini,Molokini
510,"http://commons.wikimedia.org/wiki/Category:Samuil's_Fortress,_Ohrid","Samuil's Fortress, Ohrid"
511,http://commons.wikimedia.org/wiki/Category:Khreshchatyk,Khreshchatyk
512,http://commons.wikimedia.org/wiki/Category:M%C3%BCritz-Nationalpark,Müritz-Nationalpark
513,http://commons.wikimedia.org/wiki/Category:Red_Fort,Red Fort
514,http://commons.wikimedia.org/wiki/Category:Gran_Paradiso_National_Park,Gran Paradiso National Park
515,http://commons.wikimedia.org/wiki/Category:Wat_Mahathat_(Sukhothai),Wat Mahathat (Sukhothai)
516,http://commons.wikimedia.org/wiki/Category:Sacra_di_San_Michele,Sacra di San Michele
517,http://commons.wikimedia.org/wiki/Category:Vecr%C4%ABga,Vecrīga
518,http://commons.wikimedia.org/wiki/Category:Norra_begravningsplatsen,Norra begravningsplatsen
519,http://commons.wikimedia.org/wiki/Category:Kasteel_Nederhemert,Kasteel Nederhemert
520,http://commons.wikimedia.org/wiki/Category:Zollverein_Coal_Mine_industrial_complex,Zollverein Coal Mine industrial complex
521,http://commons.wikimedia.org/wiki/Category:Chersonesos_Taurica,Chersonesos Taurica
522,http://commons.wikimedia.org/wiki/Category:St._Hripsime_church_in_Vagharshapat,St. Hripsime church in Vagharshapat
523,http://commons.wikimedia.org/wiki/Category:Khimki_Reservoir,Khimki Reservoir
524,http://commons.wikimedia.org/wiki/Category:Seney_National_Wildlife_Refuge,Seney National Wildlife Refuge
525,http://commons.wikimedia.org/wiki/Category:Chippokes_Plantation_State_Park,Chippokes Plantation State Park
526,http://commons.wikimedia.org/wiki/Category:Lahori_Gate_(Red_Fort),Lahori Gate (Red Fort)
527,http://commons.wikimedia.org/wiki/Category:Botanical_garden_in_Kryvyi_Rih,Botanical garden in Kryvyi Rih
528,http://commons.wikimedia.org/wiki/Category:Rufino_Tamayo_Museum_of_Pre_Hispanic_Art,Rufino Tamayo Museum of Pre Hispanic Art
529,http://commons.wikimedia.org/wiki/Category:Friedhof_Heerstra%C3%9Fe,Friedhof Heerstraße
530,http://commons.wikimedia.org/wiki/Category:Chapada_dos_Veadeiros_National_Park,Chapada dos Veadeiros National Park
531,http://commons.wikimedia.org/wiki/Category:Caernarfon_Castle,Caernarfon Castle
532,http://commons.wikimedia.org/wiki/Category:Citadelle_de_Besan%C3%A7on,Citadelle de Besançon
533,http://commons.wikimedia.org/wiki/Category:Mineralogisches_Museum_der_Universit%C3%A4t_Bonn,Mineralogisches Museum der Universität Bonn
534,http://commons.wikimedia.org/wiki/Category:River_Nene,River Nene
535,http://commons.wikimedia.org/wiki/Category:St._Martin's_Island,St. Martin's Island
536,http://commons.wikimedia.org/wiki/Category:Ogrodzieniec_Castle,Ogrodzieniec Castle
537,http://commons.wikimedia.org/wiki/Category:Maximilianpark,Maximilianpark
538,http://commons.wikimedia.org/wiki/Category:Great_Wall_of_China_at_Mutianyu,Great Wall of China at Mutianyu
539,http://commons.wikimedia.org/wiki/Category:St._John_Kaneo_Church,St. John Kaneo Church
540,http://commons.wikimedia.org/wiki/Category:Offa's_Dyke_Path,Offa's Dyke Path
541,http://commons.wikimedia.org/wiki/Category:Mehmed_Pa%C5%A1a_Sokolovi%C4%87_Bridge_in_Vi%C5%A1egrad,Mehmed Paša Sokolović Bridge in Višegrad
542,http://commons.wikimedia.org/wiki/Category:Cabo_da_Roca,Cabo da Roca
543,http://commons.wikimedia.org/wiki/Category:Wilderness_Road_State_Park,Wilderness Road State Park
544,http://commons.wikimedia.org/wiki/Category:Smederevo_Fortress,Smederevo Fortress
545,http://commons.wikimedia.org/wiki/Category:Gro%C3%9Fglockner-Hochalpenstra%C3%9Fe,Großglockner-Hochalpenstraße
546,http://commons.wikimedia.org/wiki/Category:Cango_Caves,Cango Caves
547,http://commons.wikimedia.org/wiki/Category:Fort_Pulaski_National_Monument,Fort Pulaski National Monument
548,http://commons.wikimedia.org/wiki/Category:Len%C3%A7%C3%B3is_Maranhenses,Lençóis Maranhenses
549,http://commons.wikimedia.org/wiki/Category:West_Norwood_Cemetery,West Norwood Cemetery
550,http://commons.wikimedia.org/wiki/Category:Villers_Abbey,Villers Abbey
551,http://commons.wikimedia.org/wiki/Category:Chapada_dos_Guimar%C3%A3es_National_Park,Chapada dos Guimarães National Park
552,http://commons.wikimedia.org/wiki/Category:Monument_Valley,Monument Valley
553,http://commons.wikimedia.org/wiki/Category:Shalvan_Vihara,Shalvan Vihara
554,http://commons.wikimedia.org/wiki/Category:Naturschutzgebiet_Hohenstein,Naturschutzgebiet Hohenstein
555,http://commons.wikimedia.org/wiki/Category:Greensand_Way,Greensand Way
556,http://commons.wikimedia.org/wiki/Category:Campo_del_Moro,Campo del Moro
557,http://commons.wikimedia.org/wiki/Category:Sal%C3%A8ve,Salève
558,http://commons.wikimedia.org/wiki/Category:Dresden_Castle,Dresden Castle
559,http://commons.wikimedia.org/wiki/Category:Cathedral_of_Talin,Cathedral of Talin
560,http://commons.wikimedia.org/wiki/Category:Fort_St._Angelo,Fort St. Angelo
561,http://commons.wikimedia.org/wiki/Category:Lodi_Gardens,Lodi Gardens
562,http://commons.wikimedia.org/wiki/Category:Madikwe_Game_Reserve,Madikwe Game Reserve
563,http://commons.wikimedia.org/wiki/Category:Theatro_Municipal_de_S%C3%A3o_Paulo,Theatro Municipal de São Paulo
564,http://commons.wikimedia.org/wiki/Category:Nyhavn,Nyhavn
565,http://commons.wikimedia.org/wiki/Category:Yarkon_Park,Yarkon Park
566,http://commons.wikimedia.org/wiki/Category:Acharya_Jagadish_Chandra_Bose_Indian_Botanic_Garden,Acharya Jagadish Chandra Bose Indian Botanic Garden
567,http://commons.wikimedia.org/wiki/Category:Giant's_Causeway,Giant's Causeway
568,http://commons.wikimedia.org/wiki/Category:Castle_Ammersoyen,Castle Ammersoyen
569,http://commons.wikimedia.org/wiki/Category:Kanheri_Caves,Kanheri Caves
570,"http://commons.wikimedia.org/wiki/Category:Zonnestraal,_Hilversum","Zonnestraal, Hilversum"
571,http://commons.wikimedia.org/wiki/Category:Huis_Ten_Bosch_(theme_park),Huis Ten Bosch (theme park)
572,"http://commons.wikimedia.org/wiki/Category:La_Paz,_Bolivia","La Paz, Bolivia"
573,http://commons.wikimedia.org/wiki/Category:Medzhybizh_Castle,Medzhybizh Castle
574,http://commons.wikimedia.org/wiki/Category:Silos,Silos
575,http://commons.wikimedia.org/wiki/Category:Kong_Meng_San_Phor_Kark_See_Monastery,Kong Meng San Phor Kark See Monastery
576,http://commons.wikimedia.org/wiki/Category:Staatliches_Museum_f%C3%BCr_Arch%C3%A4ologie_Chemnitz,Staatliches Museum für Archäologie Chemnitz
577,http://commons.wikimedia.org/wiki/Category:Nikiszowiec,Nikiszowiec
578,http://commons.wikimedia.org/wiki/Category:Persepolis,Persepolis
579,http://commons.wikimedia.org/wiki/Category:Bryggen,Bryggen
580,"http://commons.wikimedia.org/wiki/Category:Onze_Lieve_Vrouwe_Kerk,_Kampen","Onze Lieve Vrouwe Kerk, Kampen"
581,http://commons.wikimedia.org/wiki/Category:Jedleseer_Friedhof,Jedleseer Friedhof
582,http://commons.wikimedia.org/wiki/Category:Lake_Kerkini,Lake Kerkini
583,"http://commons.wikimedia.org/wiki/Category:Esplanade_Avenue,_New_Orleans","Esplanade Avenue, New Orleans"
584,http://commons.wikimedia.org/wiki/Category:Oza-Cesuras,Oza-Cesuras
585,http://commons.wikimedia.org/wiki/Category:Br%C3%BChl's_Terrace,Brühl's Terrace
586,http://commons.wikimedia.org/wiki/Category:Igua%C3%A7u_National_Park,Iguaçu National Park
587,http://commons.wikimedia.org/wiki/Category:Subterranean_Skansen_Guido,Subterranean Skansen Guido
588,http://commons.wikimedia.org/wiki/Category:River_Mersey,River Mersey
589,http://commons.wikimedia.org/wiki/Category:Golra_Sharif_Railway_Museum,Golra Sharif Railway Museum
590,http://commons.wikimedia.org/wiki/Category:Pro_Football_Hall_of_Fame,Pro Football Hall of Fame
591,http://commons.wikimedia.org/wiki/Category:Rizal_Park,Rizal Park
592,http://commons.wikimedia.org/wiki/Category:Miniat%C3%BCrk,Miniatürk
593,http://commons.wikimedia.org/wiki/Category:Zuiderkerk_(Enkhuizen),Zuiderkerk (Enkhuizen)
594,http://commons.wikimedia.org/wiki/Category:Badlands_National_Park,Badlands National Park
595,http://commons.wikimedia.org/wiki/Category:Grote_of_Lebu%C3%AFnuskerk,Grote of Lebuïnuskerk
596,http://commons.wikimedia.org/wiki/Category:Botanischer_Garten_Erlangen,Botanischer Garten Erlangen
597,http://commons.wikimedia.org/wiki/Category:Kiyomizu-dera,Kiyomizu-dera
598,"http://commons.wikimedia.org/wiki/Category:Grand_Palace,_Bangkok","Grand Palace, Bangkok"
599,http://commons.wikimedia.org/wiki/Category:Mathura_Museum,Mathura Museum
600,http://commons.wikimedia.org/wiki/Category:Lake_Ohrid,Lake Ohrid
601,http://commons.wikimedia.org/wiki/Category:Ibirapuera_Park,Ibirapuera Park
602,http://commons.wikimedia.org/wiki/Category:Jewellery,Jewellery
603,http://commons.wikimedia.org/wiki/Category:Jardim_Bot%C3%A2nico_de_S%C3%A3o_Paulo,Jardim Botânico de São Paulo
604,http://commons.wikimedia.org/wiki/Category:Baliati_Palace,Baliati Palace
605,http://commons.wikimedia.org/wiki/Category:Calgary,Calgary
606,http://commons.wikimedia.org/wiki/Category:Deutsches_Landwirtschaftsmuseum,Deutsches Landwirtschaftsmuseum
607,http://commons.wikimedia.org/wiki/Category:Sundarbans,Sundarbans
608,"http://commons.wikimedia.org/wiki/Category:Slava_Park,_Kiev","Slava Park, Kiev"
609,http://commons.wikimedia.org/wiki/Category:John_F._Kennedy_Center_for_the_Performing_Arts,John F. Kennedy Center for the Performing Arts
610,http://commons.wikimedia.org/wiki/Category:Palanok_castle,Palanok castle
611,http://commons.wikimedia.org/wiki/Category:Botanischer_Garten_Freiburg,Botanischer Garten Freiburg
612,"http://commons.wikimedia.org/wiki/Category:Sint_Elisabethskerk,_Grave","Sint Elisabethskerk, Grave"
613,http://commons.wikimedia.org/wiki/Category:Lagoa_das_Sete_Cidades,Lagoa das Sete Cidades
614,http://commons.wikimedia.org/wiki/Category:Nationaal_Militair_Museum,Nationaal Militair Museum
615,http://commons.wikimedia.org/wiki/Category:Circuit_Paul_Armagnac,Circuit Paul Armagnac
616,http://commons.wikimedia.org/wiki/Category:Pele%C8%99_Castle,Peleș Castle
617,http://commons.wikimedia.org/wiki/Category:Volodymyrskyi_Park,Volodymyrskyi Park
618,http://commons.wikimedia.org/wiki/Category:Palace_of_Culture_and_Science,Palace of Culture and Science
619,http://commons.wikimedia.org/wiki/Category:India_Gate,India Gate
620,http://commons.wikimedia.org/wiki/Category:Frecce_Tricolori,Frecce Tricolori
621,http://commons.wikimedia.org/wiki/Category:Mason_Neck_State_Park,Mason Neck State Park
622,"http://commons.wikimedia.org/wiki/Category:Riesenrad,_Vienna","Riesenrad, Vienna"
623,http://commons.wikimedia.org/wiki/Category:Anglesey_Abbey,Anglesey Abbey
624,http://commons.wikimedia.org/wiki/Category:Citadelle_de_Qu%C3%A9bec,Citadelle de Québec
625,http://commons.wikimedia.org/wiki/Category:Certosa_di_Pisa,Certosa di Pisa
626,http://commons.wikimedia.org/wiki/Category:Windermere,Windermere
627,http://commons.wikimedia.org/wiki/Category:Tughlaqabad_Fort,Tughlaqabad Fort
628,http://commons.wikimedia.org/wiki/Category:Judean_Desert,Judean Desert
629,"http://commons.wikimedia.org/wiki/Category:Bas%C3%ADlica_y_Santuario_Nuestra_Se%C3%B1ora_de_Lourdes_(Santiago,_Chile)","Basílica y Santuario Nuestra Señora de Lourdes (Santiago, Chile)"
630,http://commons.wikimedia.org/wiki/Category:Museu_de_Marinha_de_Lisboa,Museu de Marinha de Lisboa
631,"http://commons.wikimedia.org/wiki/Category:Houses_on_the_National_Register_of_Historic_Places_in_Middlesex_County,_Massachusetts","Houses on the National Register of Historic Places in Middlesex County, Massachusetts"
632,http://commons.wikimedia.org/wiki/Category:Centro_Hist%C3%B3rico_de_Tunja,Centro Histórico de Tunja
633,http://commons.wikimedia.org/wiki/Category:Palaio_Frourio_(Corfu),Palaio Frourio (Corfu)
634,http://commons.wikimedia.org/wiki/Category:Australian_War_Memorial,Australian War Memorial
635,http://commons.wikimedia.org/wiki/Category:Glendalough,Glendalough
636,"http://commons.wikimedia.org/wiki/Category:Corktown,_Toronto","Corktown, Toronto"
637,http://commons.wikimedia.org/wiki/Category:Pennine_Way,Pennine Way
638,http://commons.wikimedia.org/wiki/Category:River_Clyde,River Clyde
639,http://commons.wikimedia.org/wiki/Category:Burrator,Burrator
640,http://commons.wikimedia.org/wiki/Category:Meadowlark_Botanical_Gardens,Meadowlark Botanical Gardens
641,http://commons.wikimedia.org/wiki/Category:Kantanagar_Temple,Kantanagar Temple
642,http://commons.wikimedia.org/wiki/Category:Lake_Lugano,Lake Lugano
643,http://commons.wikimedia.org/wiki/Category:Treska,Treska
644,http://commons.wikimedia.org/wiki/Category:Dubno_Castle,Dubno Castle
645,"http://commons.wikimedia.org/wiki/Category:SoHo,_Manhattan","SoHo, Manhattan"
646,http://commons.wikimedia.org/wiki/Category:Leninsky_Prospekt_(Moscow),Leninsky Prospekt (Moscow)
647,http://commons.wikimedia.org/wiki/Category:Uzhhorod_castle,Uzhhorod castle
648,http://commons.wikimedia.org/wiki/Category:Imperial_War_Museum_Duxford,Imperial War Museum Duxford
649,http://commons.wikimedia.org/wiki/Category:Huis_Doorn,Huis Doorn
650,http://commons.wikimedia.org/wiki/Category:Beaumaris_Castle,Beaumaris Castle
651,http://commons.wikimedia.org/wiki/Category:Stockholm_City_Hall,Stockholm City Hall
652,"http://commons.wikimedia.org/wiki/Category:Clearwater_Beach,_Florida","Clearwater Beach, Florida"
653,http://commons.wikimedia.org/wiki/Category:Saints_James_and_Agnes_Basilica_in_Nysa,Saints James and Agnes Basilica in Nysa
654,http://commons.wikimedia.org/wiki/Category:%C3%89comus%C3%A9e_d'Alsace,Écomusée d'Alsace
655,http://commons.wikimedia.org/wiki/Category:Trans_Pennine_Trail,Trans Pennine Trail
656,http://commons.wikimedia.org/wiki/Category:Narikala,Narikala
657,http://commons.wikimedia.org/wiki/Category:NTUU_KPI_Polytechnic_Museum,NTUU KPI Polytechnic Museum
658,http://commons.wikimedia.org/wiki/Category:Vittoriano_(Rome),Vittoriano (Rome)
659,http://commons.wikimedia.org/wiki/Category:Walensee,Walensee
660,http://commons.wikimedia.org/wiki/Category:Maqravank_Monastery,Maqravank Monastery
661,http://commons.wikimedia.org/wiki/Category:Church_of_Our_Lady_in_front_of_T%C3%BDn,Church of Our Lady in front of Týn
662,http://commons.wikimedia.org/wiki/Category:Forum_(Pompeii),Forum (Pompeii)
663,http://commons.wikimedia.org/wiki/Category:Occoneechee_State_Park,Occoneechee State Park
664,"http://commons.wikimedia.org/wiki/Category:Armenian_Quarter,_Jerusalem","Armenian Quarter, Jerusalem"
665,http://commons.wikimedia.org/wiki/Category:Ternopil_Pond,Ternopil Pond
666,http://commons.wikimedia.org/wiki/Category:Transfiguration_monastery_(Murom),Transfiguration monastery (Murom)
667,http://commons.wikimedia.org/wiki/Category:Breitachklamm,Breitachklamm
668,http://commons.wikimedia.org/wiki/Category:Soltaniyeh_Dome,Soltaniyeh Dome
669,http://commons.wikimedia.org/wiki/Category:Slot_Zeist,Slot Zeist
670,http://commons.wikimedia.org/wiki/Category:Parc_Natural_de_Collserola,Parc Natural de Collserola
671,http://commons.wikimedia.org/wiki/Category:Scott_Monument,Scott Monument
672,"http://commons.wikimedia.org/wiki/Category:Saint_John's_Cathedral,_'s-Hertogenbosch","Saint John's Cathedral, 's-Hertogenbosch"
673,http://commons.wikimedia.org/wiki/Category:Smith_Mountain_Lake_State_Park,Smith Mountain Lake State Park
674,http://commons.wikimedia.org/wiki/Category:V%C3%B6lklingen_Ironworks,Völklingen Ironworks
675,http://commons.wikimedia.org/wiki/Category:Bakhchisaray_Palace,Bakhchisaray Palace
676,http://commons.wikimedia.org/wiki/Category:Museo_Etnogr%C3%A1fico_de_Cantabria,Museo Etnográfico de Cantabria
677,http://commons.wikimedia.org/wiki/Category:Saint_Francis_of_Assisi_Parish_Church_of_Sariaya,Saint Francis of Assisi Parish Church of Sariaya
678,http://commons.wikimedia.org/wiki/Category:Skogskyrkog%C3%A5rden,Skogskyrkogården
679,http://commons.wikimedia.org/wiki/Category:Isle_of_Portland,Isle of Portland
680,http://commons.wikimedia.org/wiki/Category:Port_of_Casablanca,Port of Casablanca
681,http://commons.wikimedia.org/wiki/Category:Saint_Peter_Church_(Woerden),Saint Peter Church (Woerden)
682,http://commons.wikimedia.org/wiki/Category:Donetsk_State_Circus_Cosmos,Donetsk State Circus Cosmos
683,http://commons.wikimedia.org/wiki/Category:Lake_Anna_State_Park,Lake Anna State Park
684,http://commons.wikimedia.org/wiki/Category:Hula_Valley,Hula Valley
685,http://commons.wikimedia.org/wiki/Category:Hampstead_Cemetery,Hampstead Cemetery
686,http://commons.wikimedia.org/wiki/Category:Sequoia_National_Park,Sequoia National Park
687,http://commons.wikimedia.org/wiki/Category:Tikal,Tikal
688,http://commons.wikimedia.org/wiki/Category:Barasoain_Church,Barasoain Church
689,http://commons.wikimedia.org/wiki/Category:Ibitipoca,Ibitipoca
690,http://commons.wikimedia.org/wiki/Category:2017_Toronto_International_Film_Festival,2017 Toronto International Film Festival
691,http://commons.wikimedia.org/wiki/Category:Media_contributed_by_the_ETH-Bibliothek,Media contributed by the ETH-Bibliothek
692,http://commons.wikimedia.org/wiki/Category:Spandauer_Forst,Spandauer Forst
693,http://commons.wikimedia.org/wiki/Category:Etnographic_Museum_in_Belgrade,Etnographic Museum in Belgrade
694,http://commons.wikimedia.org/wiki/Category:Natural_Tunnel_State_Park,Natural Tunnel State Park
695,http://commons.wikimedia.org/wiki/Category:Pe%C5%A1ter,Pešter
696,http://commons.wikimedia.org/wiki/Category:Czorsztyn_Castle,Czorsztyn Castle
697,http://commons.wikimedia.org/wiki/Category:Zorats_Karer,Zorats Karer
698,http://commons.wikimedia.org/wiki/Category:Tropenmuseum_Amsterdam,Tropenmuseum Amsterdam
699,http://commons.wikimedia.org/wiki/Category:Adalaj_Stepwell,Adalaj Stepwell
700,http://commons.wikimedia.org/wiki/Category:Baltimore_Heritage,Baltimore Heritage
701,http://commons.wikimedia.org/wiki/Category:Martebo_kyrka,Martebo kyrka
702,http://commons.wikimedia.org/wiki/Category:Port_of_London,Port of London
703,http://commons.wikimedia.org/wiki/Category:Orheiul_Vechi,Orheiul Vechi
704,http://commons.wikimedia.org/wiki/Category:Goshavank,Goshavank
705,http://commons.wikimedia.org/wiki/Category:False_Cape_State_Park,False Cape State Park
706,http://commons.wikimedia.org/wiki/Category:Mljet,Mljet
707,http://commons.wikimedia.org/wiki/Category:Cimitero_di_Staglieno_(Genoa),Cimitero di Staglieno (Genoa)
708,http://commons.wikimedia.org/wiki/Category:Museum_of_Icons_in_Supra%C5%9Bl,Museum of Icons in Supraśl
709,http://commons.wikimedia.org/wiki/Category:Sossusvlei,Sossusvlei
710,http://commons.wikimedia.org/wiki/Category:Saint_Sophia_Cathedral_in_Kiev,Saint Sophia Cathedral in Kiev
711,http://commons.wikimedia.org/wiki/Category:Harichavank,Harichavank
712,http://commons.wikimedia.org/wiki/Category:Kara-Dag_Nature_Reserve,Kara-Dag Nature Reserve
713,http://commons.wikimedia.org/wiki/Category:Nike_missile_site_SF-88,Nike missile site SF-88
714,http://commons.wikimedia.org/wiki/Category:Olsztyn_Jura_Castle,Olsztyn Jura Castle
715,http://commons.wikimedia.org/wiki/Category:Museo_Malvinas_e_Islas_del_Atl%C3%A1ntico_Sur,Museo Malvinas e Islas del Atlántico Sur
716,http://commons.wikimedia.org/wiki/Category:Royal_Botanic_Garden_Edinburgh,Royal Botanic Garden Edinburgh
717,http://commons.wikimedia.org/wiki/Category:Chapultepec_Castle,Chapultepec Castle
718,http://commons.wikimedia.org/wiki/Category:Arirang_Mass_Games,Arirang Mass Games
719,http://commons.wikimedia.org/wiki/Category:Texas_State_Library_and_Archives_Commission,Texas State Library and Archives Commission
720,http://commons.wikimedia.org/wiki/Category:Suva_Gora,Suva Gora
721,http://commons.wikimedia.org/wiki/Category:Sacsayhuam%C3%A1n,Sacsayhuamán
722,http://commons.wikimedia.org/wiki/Category:Etchmiadzin_Cathedral,Etchmiadzin Cathedral
723,http://commons.wikimedia.org/wiki/Category:Bara_Imambara,Bara Imambara
724,http://commons.wikimedia.org/wiki/Category:Her%C4%83str%C4%83u,Herăstrău
725,http://commons.wikimedia.org/wiki/Category:Parque_nacional_del_Teide,Parque nacional del Teide
726,http://commons.wikimedia.org/wiki/Category:Birka,Birka
727,http://commons.wikimedia.org/wiki/Category:CN_Tower,CN Tower
728,http://commons.wikimedia.org/wiki/Category:Lake_Constance,Lake Constance
729,http://commons.wikimedia.org/wiki/Category:Bear_Creek_Lake_State_Park,Bear Creek Lake State Park
730,http://commons.wikimedia.org/wiki/Category:Puthia_Rajbari,Puthia Rajbari
731,http://commons.wikimedia.org/wiki/Category:Hills_of_Dumfries_and_Galloway,Hills of Dumfries and Galloway
732,http://commons.wikimedia.org/wiki/Category:Kasteel_Amerongen,Kasteel Amerongen
733,http://commons.wikimedia.org/wiki/Category:St_Walburgis_Church_(Zutphen),St Walburgis Church (Zutphen)
734,http://commons.wikimedia.org/wiki/Category:West_Lake,West Lake
735,"http://commons.wikimedia.org/wiki/Category:Old_Slave_Lodge,_Cape_Town","Old Slave Lodge, Cape Town"
736,http://commons.wikimedia.org/wiki/Category:Naturschutzgebiet_Schiefer_Holzer_Berg,Naturschutzgebiet Schiefer Holzer Berg
737,http://commons.wikimedia.org/wiki/Category:Batenburg_Castle,Batenburg Castle
738,http://commons.wikimedia.org/wiki/Category:Iziko_South_African_Museum,Iziko South African Museum
739,http://commons.wikimedia.org/wiki/Category:Pal%C3%A1cio_Nacional_da_Pena,Palácio Nacional da Pena
740,http://commons.wikimedia.org/wiki/Category:New_River_Trail_State_Park,New River Trail State Park
741,http://commons.wikimedia.org/wiki/Category:Harbour_of_Oslo,Harbour of Oslo
742,http://commons.wikimedia.org/wiki/Category:Arcades_in_Bologna,Arcades in Bologna
743,http://commons.wikimedia.org/wiki/Category:Khotyn_Fortress,Khotyn Fortress
744,http://commons.wikimedia.org/wiki/Category:Vondelpark,Vondelpark
745,http://commons.wikimedia.org/wiki/Category:Atomium,Atomium
746,http://commons.wikimedia.org/wiki/Category:Stadhuis_(Dordrecht),Stadhuis (Dordrecht)
747,http://commons.wikimedia.org/wiki/Category:30_St_Mary_Axe,30 St Mary Axe
748,http://commons.wikimedia.org/wiki/Category:Botanical_gardens_in_Meran,Botanical gardens in Meran
749,http://commons.wikimedia.org/wiki/Category:Naturschutzgebiet_Mittleres_Innerstetal_mit_Kanstein,Naturschutzgebiet Mittleres Innerstetal mit Kanstein
750,http://commons.wikimedia.org/wiki/Category:Pidhirtsi_Castle,Pidhirtsi Castle
751,http://commons.wikimedia.org/wiki/Category:Akbar's_Tomb,Akbar's Tomb
752,http://commons.wikimedia.org/wiki/Category:Samara,Samara
753,http://commons.wikimedia.org/wiki/Category:National_Museum_of_the_Philippines,National Museum of the Philippines
754,http://commons.wikimedia.org/wiki/Category:Skagit_Valley_Tulip_Festival,Skagit Valley Tulip Festival
755,http://commons.wikimedia.org/wiki/Category:Whitby_Abbey,Whitby Abbey
756,http://commons.wikimedia.org/wiki/Category:Nationalpark_Schleswig-Holsteinisches_Wattenmeer,Nationalpark Schleswig-Holsteinisches Wattenmeer
757,http://commons.wikimedia.org/wiki/Category:Parque_Nacional_de_Jericoacoara,Parque Nacional de Jericoacoara
758,http://commons.wikimedia.org/wiki/Category:Eugene_Masonic_Cemetery,Eugene Masonic Cemetery
759,http://commons.wikimedia.org/wiki/Category:Fairfield_Showground,Fairfield Showground
760,"http://commons.wikimedia.org/wiki/Category:Taras_Shevchenko_Park,_Kiev","Taras Shevchenko Park, Kiev"
761,http://commons.wikimedia.org/wiki/Category:Oslofjorden,Oslofjorden
762,http://commons.wikimedia.org/wiki/Category:S%C3%A4chsisches_Eisenbahnmuseum,Sächsisches Eisenbahnmuseum
763,http://commons.wikimedia.org/wiki/Category:Colonial_Williamsburg,Colonial Williamsburg
764,http://commons.wikimedia.org/wiki/Category:Tuileries_Garden,Tuileries Garden
765,http://commons.wikimedia.org/wiki/Category:Stadhuis_(Veere),Stadhuis (Veere)
766,"http://commons.wikimedia.org/wiki/Category:Saint_Sarkis_Cathedral,_Yerevan","Saint Sarkis Cathedral, Yerevan"
767,http://commons.wikimedia.org/wiki/Category:St._John_Cathedral_Church_in_Wroc%C5%82aw,St. John Cathedral Church in Wrocław
768,http://commons.wikimedia.org/wiki/Category:Vank_Cathedral,Vank Cathedral
769,http://commons.wikimedia.org/wiki/Category:United_States_National_Arboretum,United States National Arboretum
770,http://commons.wikimedia.org/wiki/Category:B%C3%A1varo,Bávaro
771,http://commons.wikimedia.org/wiki/Category:Regierungsbunker,Regierungsbunker
772,http://commons.wikimedia.org/wiki/Category:Lake_Orestiada,Lake Orestiada
773,http://commons.wikimedia.org/wiki/Category:American_Falls,American Falls
774,http://commons.wikimedia.org/wiki/Category:Khor_Virap,Khor Virap
775,http://commons.wikimedia.org/wiki/Category:Old_Town_(Skopje),Old Town (Skopje)
776,http://commons.wikimedia.org/wiki/Category:Monumento_a_la_Revoluci%C3%B3n_(M%C3%A9xico),Monumento a la Revolución (México)
777,http://commons.wikimedia.org/wiki/Category:Suffolk_Downs,Suffolk Downs
778,"http://commons.wikimedia.org/wiki/Category:Taj_Mahal,_Bhopal","Taj Mahal, Bhopal"
779,http://commons.wikimedia.org/wiki/Category:Parque_Estadual_da_Ilha_do_Mel,Parque Estadual da Ilha do Mel
780,http://commons.wikimedia.org/wiki/Category:Parc_d%C3%A9partemental_Georges-Valbon,Parc départemental Georges-Valbon
781,http://commons.wikimedia.org/wiki/Category:Campo_Imperatore,Campo Imperatore
782,"http://commons.wikimedia.org/wiki/Category:Black_Mountains,_Wales","Black Mountains, Wales"
783,http://commons.wikimedia.org/wiki/Category:Gda%C5%84sk_Shipyard,Gdańsk Shipyard
784,http://commons.wikimedia.org/wiki/Category:Loch_Lomond,Loch Lomond
785,http://commons.wikimedia.org/wiki/Category:Stadhuis_(Gouda),Stadhuis (Gouda)
786,http://commons.wikimedia.org/wiki/Category:Madrid_R%C3%ADo,Madrid Río
787,http://commons.wikimedia.org/wiki/Category:Olympiastadion_Berlin,Olympiastadion Berlin
788,http://commons.wikimedia.org/wiki/Category:T%C3%A4by_kyrka,Täby kyrka
789,http://commons.wikimedia.org/wiki/Category:Circum-Baikal_Railway,Circum-Baikal Railway
790,http://commons.wikimedia.org/wiki/Category:Binondo_Church,Binondo Church
791,"http://commons.wikimedia.org/wiki/Category:Old_City_Hall,_Boston","Old City Hall, Boston"
792,http://commons.wikimedia.org/wiki/Category:Chhatrapati_Shivaji_Terminus_(formerly_Victoria_Terminus),Chhatrapati Shivaji Terminus (formerly Victoria Terminus)
793,http://commons.wikimedia.org/wiki/Category:Shilin_(Stone_Forest),Shilin (Stone Forest)
794,http://commons.wikimedia.org/wiki/Category:Lake_Maggiore,Lake Maggiore
795,http://commons.wikimedia.org/wiki/Category:Mangup,Mangup
796,http://commons.wikimedia.org/wiki/Category:Pakistan_Monument_Islamabad,Pakistan Monument Islamabad
797,http://commons.wikimedia.org/wiki/Category:Stone_Bridge_(Skopje),Stone Bridge (Skopje)
798,http://commons.wikimedia.org/wiki/Category:Remise_(transport_museum),Remise (transport museum)
799,http://commons.wikimedia.org/wiki/Category:Tarakanivskiy_fort,Tarakanivskiy fort
800,http://commons.wikimedia.org/wiki/Category:Brooklyn_Bridge,Brooklyn Bridge
801,http://commons.wikimedia.org/wiki/Category:Malolos_Cathedral,Malolos Cathedral
802,http://commons.wikimedia.org/wiki/Category:Walls_of_%C3%81vila,Walls of Ávila
803,http://commons.wikimedia.org/wiki/Category:Duisitzkarsee,Duisitzkarsee
804,http://commons.wikimedia.org/wiki/Category:West_Voe_of_Sumburgh,West Voe of Sumburgh
805,http://commons.wikimedia.org/wiki/Category:Glen_of_Imaal,Glen of Imaal
806,"http://commons.wikimedia.org/wiki/Category:Coasts_of_the_Mediterranean_Sea,_Tel_Aviv-Yafo","Coasts of the Mediterranean Sea, Tel Aviv-Yafo"
807,http://commons.wikimedia.org/wiki/Category:Dead_Sea,Dead Sea
808,"http://commons.wikimedia.org/wiki/Category:Neumarkt,_Dresden","Neumarkt, Dresden"
809,http://commons.wikimedia.org/wiki/Category:Zion_Canyon,Zion Canyon
810,http://commons.wikimedia.org/wiki/Category:Zbarazh_castle,Zbarazh castle
811,http://commons.wikimedia.org/wiki/Category:Edinburgh_Castle,Edinburgh Castle
812,http://commons.wikimedia.org/wiki/Category:Parque_de_Pradolongo,Parque de Pradolongo
813,http://commons.wikimedia.org/wiki/Category:Stadhuis_Nijmegen,Stadhuis Nijmegen
814,http://commons.wikimedia.org/wiki/Category:Mount_Arapiles,Mount Arapiles
815,http://commons.wikimedia.org/wiki/Category:Flensburg_harbour,Flensburg harbour
816,http://commons.wikimedia.org/wiki/Category:Vasa_Museum,Vasa Museum
817,http://commons.wikimedia.org/wiki/Category:Powhatan_State_Park,Powhatan State Park
818,http://commons.wikimedia.org/wiki/Category:Marienstiftskirche_Lich,Marienstiftskirche Lich
819,http://commons.wikimedia.org/wiki/Category:Georgian_National_Museum,Georgian National Museum
820,http://commons.wikimedia.org/wiki/Category:House_with_Chimeras_(Kiev),House with Chimeras (Kiev)
821,http://commons.wikimedia.org/wiki/Category:Buzkiy_Gard_National_Nature_Park,Buzkiy Gard National Nature Park
822,"http://commons.wikimedia.org/wiki/Category:Kanda,_Tokyo","Kanda, Tokyo"
823,http://commons.wikimedia.org/wiki/Category:Golden_Gate_Bridge,Golden Gate Bridge
824,http://commons.wikimedia.org/wiki/Category:Bryce_Canyon_National_Park,Bryce Canyon National Park
825,http://commons.wikimedia.org/wiki/Category:Borobudur,Borobudur
826,http://commons.wikimedia.org/wiki/Category:Candi_Panataran,Candi Panataran
827,http://commons.wikimedia.org/wiki/Category:Parque_Nacional_da_Peneda-Ger%C3%AAs,Parque Nacional da Peneda-Gerês
828,http://commons.wikimedia.org/wiki/Category:Vers%C3%B6hnungskirche_(Dresden),Versöhnungskirche (Dresden)
829,http://commons.wikimedia.org/wiki/Category:Ratargul_Swamp_Forest,Ratargul Swamp Forest
830,http://commons.wikimedia.org/wiki/Category:Beamish_Museum,Beamish Museum
831,http://commons.wikimedia.org/wiki/Category:Naturpark_Bayerischer_Wald,Naturpark Bayerischer Wald
832,http://commons.wikimedia.org/wiki/Category:Greenwich_Cemetery,Greenwich Cemetery
833,http://commons.wikimedia.org/wiki/Category:Templo_Mayor,Templo Mayor
834,http://commons.wikimedia.org/wiki/Category:Mariinsky_Park_(Kiev),Mariinsky Park (Kiev)
835,http://commons.wikimedia.org/wiki/Category:Batu_Caves,Batu Caves
836,http://commons.wikimedia.org/wiki/Category:Suli_An,Suli An
837,http://commons.wikimedia.org/wiki/Category:Tverskoy,Tverskoy
838,http://commons.wikimedia.org/wiki/Category:2018_US_Open_(tennis),2018 US Open (tennis)
839,http://commons.wikimedia.org/wiki/Category:Naturschutzgebiet_Grainberg-Kalbenstein_und_Saupurzel,Naturschutzgebiet Grainberg-Kalbenstein und Saupurzel
840,http://commons.wikimedia.org/wiki/Category:H%C3%B4pital_Notre-Dame_%C3%A0_la_Rose,Hôpital Notre-Dame à la Rose
841,http://commons.wikimedia.org/wiki/Category:Saint_Hovhannes_church_of_Kond,Saint Hovhannes church of Kond
842,"http://commons.wikimedia.org/wiki/Category:Lok_Virsa_Museum,_Islamabad","Lok Virsa Museum, Islamabad"
843,http://commons.wikimedia.org/wiki/Category:University_of_Chicago_Library,University of Chicago Library
844,http://commons.wikimedia.org/wiki/Category:Bellu_Cemetery,Bellu Cemetery
845,http://commons.wikimedia.org/wiki/Category:Mitla,Mitla
846,http://commons.wikimedia.org/wiki/Category:Etosha_National_Park,Etosha National Park
847,http://commons.wikimedia.org/wiki/Category:Amberd,Amberd
848,http://commons.wikimedia.org/wiki/Category:Habonim-Dor_Beach_Reserve,Habonim-Dor Beach Reserve
849,http://commons.wikimedia.org/wiki/Category:Manama,Manama
850,http://commons.wikimedia.org/wiki/Category:Shwedagon_pagoda,Shwedagon pagoda
851,http://commons.wikimedia.org/wiki/Category:%C5%BD%C3%A1rsk%C3%BD_rybn%C3%ADk,Žárský rybník
852,http://commons.wikimedia.org/wiki/Category:Achilleion_(Corfu),Achilleion (Corfu)
853,http://commons.wikimedia.org/wiki/Category:Chattahoochee-Oconee_National_Forest,Chattahoochee-Oconee National Forest
854,http://commons.wikimedia.org/wiki/Category:Purana_Qila,Purana Qila
855,http://commons.wikimedia.org/wiki/Category:Hampton_Park_Terrace,Hampton Park Terrace
856,http://commons.wikimedia.org/wiki/Category:Auschwitz_II_(Birkenau),Auschwitz II (Birkenau)
857,http://commons.wikimedia.org/wiki/Category:Nederlands_Openluchtmuseum,Nederlands Openluchtmuseum
858,http://commons.wikimedia.org/wiki/Category:Sumburgh_Head,Sumburgh Head
859,http://commons.wikimedia.org/wiki/Category:Old_Town_Square_(Prague),Old Town Square (Prague)
860,http://commons.wikimedia.org/wiki/Category:Machu_Picchu,Machu Picchu
861,http://commons.wikimedia.org/wiki/Category:Tajhat_Palace,Tajhat Palace
862,http://commons.wikimedia.org/wiki/Category:Lawachara_National_Park,Lawachara National Park
863,http://commons.wikimedia.org/wiki/Category:Schweriner_Schloss,Schweriner Schloss
864,http://commons.wikimedia.org/wiki/Category:Hayravank_monastery,Hayravank monastery
865,http://commons.wikimedia.org/wiki/Category:Haleakal%C4%81_National_Park,Haleakalā National Park
866,http://commons.wikimedia.org/wiki/Category:Meycauayan_Church,Meycauayan Church
867,http://commons.wikimedia.org/wiki/Category:Markiezenhof,Markiezenhof
868,http://commons.wikimedia.org/wiki/Category:Royal_National_Park,Royal National Park
869,http://commons.wikimedia.org/wiki/Category:Gr%C3%B6den,Gröden
870,http://commons.wikimedia.org/wiki/Category:St._Gayane,St. Gayane
871,"http://commons.wikimedia.org/wiki/Category:Japanese_garden,_Seattle","Japanese garden, Seattle"
872,http://commons.wikimedia.org/wiki/Category:Lviv,Lviv
873,http://commons.wikimedia.org/wiki/Category:Walderveense_molen,Walderveense molen
874,http://commons.wikimedia.org/wiki/Category:Sevan_National_Park,Sevan National Park
875,"http://commons.wikimedia.org/wiki/Category:Savannah_Historic_District_(Savannah,_Georgia)","Savannah Historic District (Savannah, Georgia)"
876,http://commons.wikimedia.org/wiki/Category:Holosiiv_National_Nature_Park,Holosiiv National Nature Park
877,http://commons.wikimedia.org/wiki/Category:Wroc%C5%82aw_Old_Jewish_Cemetery,Wrocław Old Jewish Cemetery
878,http://commons.wikimedia.org/wiki/Category:Akashi_Kaikyo_National_Government_Park,Akashi Kaikyo National Government Park
879,http://commons.wikimedia.org/wiki/Category:Swiss_National_Park,Swiss National Park
880,http://commons.wikimedia.org/wiki/Category:%C5%A0arena_D%C5%BEamija_(Tetovo),Šarena Džamija (Tetovo)
881,http://commons.wikimedia.org/wiki/Category:Kr%C3%A4merbr%C3%BCcke_(Erfurt),Krämerbrücke (Erfurt)
882,http://commons.wikimedia.org/wiki/Category:Skole_Beskids_National_Nature_Park,Skole Beskids National Nature Park
883,http://commons.wikimedia.org/wiki/Category:Sint-Lambertuskerk_(Buren),Sint-Lambertuskerk (Buren)
884,http://commons.wikimedia.org/wiki/Category:Sheung_Wan,Sheung Wan
885,http://commons.wikimedia.org/wiki/Category:Horseshoe_Falls,Horseshoe Falls
886,http://commons.wikimedia.org/wiki/Category:Biblioteca_Nacional_de_Espa%C3%B1a,Biblioteca Nacional de España
887,http://commons.wikimedia.org/wiki/Category:Rombergpark,Rombergpark
888,http://commons.wikimedia.org/wiki/Category:River_Trent,River Trent
889,http://commons.wikimedia.org/wiki/Category:Antikenmuseum_der_Universit%C3%A4t_Heidelberg,Antikenmuseum der Universität Heidelberg
890,http://commons.wikimedia.org/wiki/Category:Rocky_Mountain_National_Park,Rocky Mountain National Park
891,http://commons.wikimedia.org/wiki/Category:Pingyao,Pingyao
892,http://commons.wikimedia.org/wiki/Category:Jewish_cemetery_Prague-Josefov,Jewish cemetery Prague-Josefov
893,http://commons.wikimedia.org/wiki/Category:Louisbourg,Louisbourg
894,http://commons.wikimedia.org/wiki/Category:Castell_de_X%C3%A0tiva,Castell de Xàtiva
895,http://commons.wikimedia.org/wiki/Category:Leesylvania_State_Park,Leesylvania State Park
896,http://commons.wikimedia.org/wiki/Category:Kur%C5%A1umli_An,Kuršumli An
897,http://commons.wikimedia.org/wiki/Category:Kasteel_Middachten,Kasteel Middachten
898,http://commons.wikimedia.org/wiki/Category:Gullfoss,Gullfoss
899,http://commons.wikimedia.org/wiki/Category:Yunomine_Onsen,Yunomine Onsen
900,http://commons.wikimedia.org/wiki/Category:Serra_da_Estrela,Serra da Estrela
901,http://commons.wikimedia.org/wiki/Category:Central_Park,Central Park
902,"http://commons.wikimedia.org/wiki/Category:Immaculate_Conception_Church_in_Santa_Maria,_Bulacan","Immaculate Conception Church in Santa Maria, Bulacan"
903,http://commons.wikimedia.org/wiki/Category:Agra_Fort,Agra Fort
904,http://commons.wikimedia.org/wiki/Category:Pirin_National_Park,Pirin National Park
905,http://commons.wikimedia.org/wiki/Category:Noravank,Noravank
906,http://commons.wikimedia.org/wiki/Category:Antonine_baths_(Carthage),Antonine baths (Carthage)
907,http://commons.wikimedia.org/wiki/Category:St._James's_Park,St. James's Park
908,http://commons.wikimedia.org/wiki/Category:Kahanu_Garden,Kahanu Garden
909,http://commons.wikimedia.org/wiki/Category:Hubschraubermuseum_B%C3%BCckeburg,Hubschraubermuseum Bückeburg
910,http://commons.wikimedia.org/wiki/Category:Saxon_Shore_Way,Saxon Shore Way
911,http://commons.wikimedia.org/wiki/Category:Mehrauli_Archaeological_Park,Mehrauli Archaeological Park
912,http://commons.wikimedia.org/wiki/Category:Grampians_National_Park,Grampians National Park
913,http://commons.wikimedia.org/wiki/Category:Didcot_Railway_Centre,Didcot Railway Centre
914,http://commons.wikimedia.org/wiki/Category:Sea_of_Galilee,Sea of Galilee
915,"http://commons.wikimedia.org/wiki/Category:Archdiocesan_Shrine_of_Saint_Joseph_the_Patriarch_of_San_Jose,_Batangas","Archdiocesan Shrine of Saint Joseph the Patriarch of San Jose, Batangas"
916,http://commons.wikimedia.org/wiki/Category:Nikitsky_Botanical_Garden,Nikitsky Botanical Garden
917,http://commons.wikimedia.org/wiki/Category:Osaka_Prefectural_Flower_Garden,Osaka Prefectural Flower Garden
918,http://commons.wikimedia.org/wiki/Category:Kiptopeke_State_Park,Kiptopeke State Park
919,http://commons.wikimedia.org/wiki/Category:Aqua_Alexandrina_(Rome),Aqua Alexandrina (Rome)
920,http://commons.wikimedia.org/wiki/Category:Eram_Garden,Eram Garden
921,"http://commons.wikimedia.org/wiki/Category:Grote_of_Sint-Bonifaciuskerk,_Medemblik","Grote of Sint-Bonifaciuskerk, Medemblik"
922,http://commons.wikimedia.org/wiki/Category:Mardale,Mardale
923,http://commons.wikimedia.org/wiki/Category:Novodevichy_cemetery_(Moscow),Novodevichy cemetery (Moscow)
924,http://commons.wikimedia.org/wiki/Category:Genoese_fortress_(Sudak),Genoese fortress (Sudak)
925,http://commons.wikimedia.org/wiki/Category:Baixa_Pombalina,Baixa Pombalina
926,http://commons.wikimedia.org/wiki/Category:Tortuguero_National_Park,Tortuguero National Park
927,http://commons.wikimedia.org/wiki/Category:Sri_Lanka,Sri Lanka
928,http://commons.wikimedia.org/wiki/Category:United_States_National_Bonsai_%26_Penjing_Museum,United States National Bonsai &amp; Penjing Museum
929,http://commons.wikimedia.org/wiki/Category:Ch%C3%A2teau_d'Amboise,Château d'Amboise
930,http://commons.wikimedia.org/wiki/Category:Las_Casas_Filipinas_de_A%C3%A7%C3%BAzar,Las Casas Filipinas de Açúzar
931,http://commons.wikimedia.org/wiki/Category:Wolfsschanze,Wolfsschanze
932,http://commons.wikimedia.org/wiki/Category:Lake_Como,Lake Como
933,http://commons.wikimedia.org/wiki/Category:Itmad-Ud-Daulah's_Tomb,Itmad-Ud-Daulah's Tomb
934,http://commons.wikimedia.org/wiki/Category:Texas_Tech_University,Texas Tech University
935,http://commons.wikimedia.org/wiki/Category:Church_of_the_Saviour_on_the_Blood,Church of the Saviour on the Blood
936,http://commons.wikimedia.org/wiki/Category:Cathedral_of_the_Dormition_of_the_Theotokos_(Vladimir),Cathedral of the Dormition of the Theotokos (Vladimir)
937,http://commons.wikimedia.org/wiki/Category:Changdeokgung,Changdeokgung
938,http://commons.wikimedia.org/wiki/Category:Faisal_Mosque,Faisal Mosque
939,http://commons.wikimedia.org/wiki/Category:Sharivka_Manor,Sharivka Manor
940,http://commons.wikimedia.org/wiki/Category:Aali_Qapu,Aali Qapu
941,http://commons.wikimedia.org/wiki/Category:Artgate_Fondazione_Cariplo,Artgate Fondazione Cariplo
942,http://commons.wikimedia.org/wiki/Category:Charles_Bridge,Charles Bridge
943,http://commons.wikimedia.org/wiki/Category:Aruchavank,Aruchavank
944,http://commons.wikimedia.org/wiki/Category:Museum_Het_Prinsenhof,Museum Het Prinsenhof
945,http://commons.wikimedia.org/wiki/Category:Haghpat,Haghpat
946,http://commons.wikimedia.org/wiki/Category:Moscow_Botanical_Garden_of_Academy_of_Sciences,Moscow Botanical Garden of Academy of Sciences
947,http://commons.wikimedia.org/wiki/Category:Victoria_%26_Alfred_Waterfront,Victoria &amp; Alfred Waterfront
948,http://commons.wikimedia.org/wiki/Category:Nor_Varagavank,Nor Varagavank
949,http://commons.wikimedia.org/wiki/Category:Castelo_dos_Mouros,Castelo dos Mouros
950,http://commons.wikimedia.org/wiki/Category:Lake_Sampaloc,Lake Sampaloc
951,http://commons.wikimedia.org/wiki/Category:Caerphilly_Castle,Caerphilly Castle
952,http://commons.wikimedia.org/wiki/Category:Zaryadye_Park,Zaryadye Park
953,"http://commons.wikimedia.org/wiki/Category:Central,_Hong_Kong","Central, Hong Kong"
954,http://commons.wikimedia.org/wiki/Category:York_River_State_Park,York River State Park
955,http://commons.wikimedia.org/wiki/Category:Camp_Nou,Camp Nou
956,http://commons.wikimedia.org/wiki/Category:Mir_Castle_Complex,Mir Castle Complex
957,http://commons.wikimedia.org/wiki/Category:Flumserberg,Flumserberg
958,http://commons.wikimedia.org/wiki/Category:Potala_Palace,Potala Palace
959,"http://commons.wikimedia.org/wiki/Category:Apung_Mamacalulu_(Angeles_City,_Pampanga)","Apung Mamacalulu (Angeles City, Pampanga)"
960,http://commons.wikimedia.org/wiki/Category:Tsiranavor_church_of_Avan,Tsiranavor church of Avan
961,"http://commons.wikimedia.org/wiki/Category:Jewish_Quarter,_Jerusalem","Jewish Quarter, Jerusalem"
962,http://commons.wikimedia.org/wiki/Category:Dayr-e_Gachin,Dayr-e Gachin
963,http://commons.wikimedia.org/wiki/Category:Aguinaldo_Shrine,Aguinaldo Shrine
964,http://commons.wikimedia.org/wiki/Category:Nieuwe_Waterweg,Nieuwe Waterweg
965,http://commons.wikimedia.org/wiki/Category:Flinders_Ranges,Flinders Ranges
966,http://commons.wikimedia.org/wiki/Category:Wenceslas_Square,Wenceslas Square
967,http://commons.wikimedia.org/wiki/Category:Hauz_Khas_Complex,Hauz Khas Complex
968,http://commons.wikimedia.org/wiki/Category:Wat_Arun,Wat Arun
969,http://commons.wikimedia.org/wiki/Category:Kiev_Zoo,Kiev Zoo
970,http://commons.wikimedia.org/wiki/Category:Luray_Caverns,Luray Caverns
971,http://commons.wikimedia.org/wiki/Category:Parc_des_Buttes-Chaumont,Parc des Buttes-Chaumont
972,http://commons.wikimedia.org/wiki/Category:Burnham_Beeches,Burnham Beeches
973,http://commons.wikimedia.org/wiki/Category:Wieliczka_salt_mine,Wieliczka salt mine
974,http://commons.wikimedia.org/wiki/Category:Kennet_and_Avon_Canal,Kennet and Avon Canal
975,http://commons.wikimedia.org/wiki/Category:Hovhannavank_Monastery,Hovhannavank Monastery
976,http://commons.wikimedia.org/wiki/Category:Moscow_Raceway,Moscow Raceway
977,http://commons.wikimedia.org/wiki/Category:Maui_Nui_Botanical_Gardens,Maui Nui Botanical Gardens
978,http://commons.wikimedia.org/wiki/Category:Externsteine,Externsteine
979,http://commons.wikimedia.org/wiki/Category:Old_City_Walls_(Jerusalem),Old City Walls (Jerusalem)
980,http://commons.wikimedia.org/wiki/Category:Novyi_Svit_Sanctuary,Novyi Svit Sanctuary
981,http://commons.wikimedia.org/wiki/Category:Tonle_Sap,Tonle Sap
982,http://commons.wikimedia.org/wiki/Category:Ahsan_Manzil,Ahsan Manzil
983,http://commons.wikimedia.org/wiki/Category:Shrine_Mont,Shrine Mont
984,http://commons.wikimedia.org/wiki/Category:Pont_du_Gard,Pont du Gard
985,http://commons.wikimedia.org/wiki/Category:Aghjots_Vank,Aghjots Vank
986,http://commons.wikimedia.org/wiki/Category:Stadhuis_Middelburg,Stadhuis Middelburg
987,http://commons.wikimedia.org/wiki/Category:Illas_C%C3%ADes,Illas Cíes
988,http://commons.wikimedia.org/wiki/Category:Raystown_Lake,Raystown Lake
989,http://commons.wikimedia.org/wiki/Category:Surb_Zoravor_Astvatsatsin_Church,Surb Zoravor Astvatsatsin Church
990,http://commons.wikimedia.org/wiki/Category:Mulkey_Cemetery,Mulkey Cemetery
991,http://commons.wikimedia.org/wiki/Category:Soreq_Cave,Soreq Cave
992,http://commons.wikimedia.org/wiki/Category:Neghuts_Monastery,Neghuts Monastery
993,http://commons.wikimedia.org/wiki/Category:Jewish_cemetery_in_Cz%C4%99stochowa,Jewish cemetery in Częstochowa
994,"http://commons.wikimedia.org/wiki/Category:Puente_de_Arganzuela,_Madrid","Puente de Arganzuela, Madrid"
995,http://commons.wikimedia.org/wiki/Category:Lewis_Ginter_Botanical_Garden,Lewis Ginter Botanical Garden
996,http://commons.wikimedia.org/wiki/Category:Saint_Sargis_Monastery_of_Ushi,Saint Sargis Monastery of Ushi
997,http://commons.wikimedia.org/wiki/Category:Embassy_of_the_United_States_in_Bangkok,Embassy of the United States in Bangkok
998,http://commons.wikimedia.org/wiki/Category:Church_of_the_Ascension_of_Christ_(Skopje),Church of the Ascension of Christ (Skopje)
999,http://commons.wikimedia.org/wiki/Category:Alte_Leine,Alte Leine
